<?xml version="1.0" encoding="ISO-8859-1" ?>
<link_info>
   <banner>TI ARM Linker PC v20.2.5.LTS</banner>
   <copyright>Copyright (c) 1996-2018 Texas Instruments Incorporated</copyright>
   <link_time>0x62db83ab</link_time>
   <link_errors>0x0</link_errors>
   <output_file>IOT API.out</output_file>
   <entry_point>
      <name>_c_int00_noinit_noargs</name>
      <address>0x5fd</address>
   </entry_point>
   <input_file_list>
      <input_file id="fl-2">
         <path>.\</path>
         <kind>object</kind>
         <file>adc14.obj</file>
         <name>adc14.obj</name>
      </input_file>
      <input_file id="fl-3">
         <path>.\</path>
         <kind>object</kind>
         <file>aes256.obj</file>
         <name>aes256.obj</name>
      </input_file>
      <input_file id="fl-4">
         <path>.\</path>
         <kind>object</kind>
         <file>comp_e.obj</file>
         <name>comp_e.obj</name>
      </input_file>
      <input_file id="fl-5">
         <path>.\</path>
         <kind>object</kind>
         <file>cpu.obj</file>
         <name>cpu.obj</name>
      </input_file>
      <input_file id="fl-6">
         <path>.\</path>
         <kind>object</kind>
         <file>crc32.obj</file>
         <name>crc32.obj</name>
      </input_file>
      <input_file id="fl-7">
         <path>.\</path>
         <kind>object</kind>
         <file>cs.obj</file>
         <name>cs.obj</name>
      </input_file>
      <input_file id="fl-8">
         <path>.\</path>
         <kind>object</kind>
         <file>dma.obj</file>
         <name>dma.obj</name>
      </input_file>
      <input_file id="fl-9">
         <path>.\</path>
         <kind>object</kind>
         <file>flash.obj</file>
         <name>flash.obj</name>
      </input_file>
      <input_file id="fl-a">
         <path>.\</path>
         <kind>object</kind>
         <file>fpu.obj</file>
         <name>fpu.obj</name>
      </input_file>
      <input_file id="fl-b">
         <path>.\</path>
         <kind>object</kind>
         <file>gpio.obj</file>
         <name>gpio.obj</name>
      </input_file>
      <input_file id="fl-c">
         <path>.\</path>
         <kind>object</kind>
         <file>i2c.obj</file>
         <name>i2c.obj</name>
      </input_file>
      <input_file id="fl-d">
         <path>.\</path>
         <kind>object</kind>
         <file>interrupt.obj</file>
         <name>interrupt.obj</name>
      </input_file>
      <input_file id="fl-e">
         <path>.\</path>
         <kind>object</kind>
         <file>main.obj</file>
         <name>main.obj</name>
      </input_file>
      <input_file id="fl-f">
         <path>.\</path>
         <kind>object</kind>
         <file>mpu.obj</file>
         <name>mpu.obj</name>
      </input_file>
      <input_file id="fl-10">
         <path>.\</path>
         <kind>object</kind>
         <file>pcm.obj</file>
         <name>pcm.obj</name>
      </input_file>
      <input_file id="fl-11">
         <path>.\</path>
         <kind>object</kind>
         <file>pmap.obj</file>
         <name>pmap.obj</name>
      </input_file>
      <input_file id="fl-12">
         <path>.\</path>
         <kind>object</kind>
         <file>pss.obj</file>
         <name>pss.obj</name>
      </input_file>
      <input_file id="fl-13">
         <path>.\</path>
         <kind>object</kind>
         <file>ref_a.obj</file>
         <name>ref_a.obj</name>
      </input_file>
      <input_file id="fl-14">
         <path>.\</path>
         <kind>object</kind>
         <file>reset.obj</file>
         <name>reset.obj</name>
      </input_file>
      <input_file id="fl-15">
         <path>.\</path>
         <kind>object</kind>
         <file>rtc_c.obj</file>
         <name>rtc_c.obj</name>
      </input_file>
      <input_file id="fl-16">
         <path>.\</path>
         <kind>object</kind>
         <file>spi.obj</file>
         <name>spi.obj</name>
      </input_file>
      <input_file id="fl-17">
         <path>.\</path>
         <kind>object</kind>
         <file>sysctl.obj</file>
         <name>sysctl.obj</name>
      </input_file>
      <input_file id="fl-18">
         <path>.\</path>
         <kind>object</kind>
         <file>system_msp432p401r.obj</file>
         <name>system_msp432p401r.obj</name>
      </input_file>
      <input_file id="fl-19">
         <path>.\</path>
         <kind>object</kind>
         <file>systick.obj</file>
         <name>systick.obj</name>
      </input_file>
      <input_file id="fl-1a">
         <path>.\</path>
         <kind>object</kind>
         <file>timer32.obj</file>
         <name>timer32.obj</name>
      </input_file>
      <input_file id="fl-1b">
         <path>.\</path>
         <kind>object</kind>
         <file>timer_a.obj</file>
         <name>timer_a.obj</name>
      </input_file>
      <input_file id="fl-1c">
         <path>.\</path>
         <kind>object</kind>
         <file>uart.obj</file>
         <name>uart.obj</name>
      </input_file>
      <input_file id="fl-1d">
         <path>.\</path>
         <kind>object</kind>
         <file>wdt_a.obj</file>
         <name>wdt_a.obj</name>
      </input_file>
      <input_file id="fl-1e">
         <path>.\ccs\</path>
         <kind>object</kind>
         <file>startup_msp432p401r_ccs.obj</file>
         <name>startup_msp432p401r_ccs.obj</name>
      </input_file>
      <input_file id="fl-28">
         <kind>object</kind>
         <file>&lt;internal&gt;</file>
         <name>&lt;internal&gt;</name>
      </input_file>
      <input_file id="fl-de">
         <path>C:\ti\ccs1120\ccs\tools\compiler\ti-cgt-arm_20.2.5.LTS\lib\</path>
         <kind>archive</kind>
         <file>rtsv7M4_T_le_v4SPD16_eabi.lib</file>
         <name>copy_zero_init.c.obj</name>
      </input_file>
      <input_file id="fl-df">
         <path>C:\ti\ccs1120\ccs\tools\compiler\ti-cgt-arm_20.2.5.LTS\lib\</path>
         <kind>archive</kind>
         <file>rtsv7M4_T_le_v4SPD16_eabi.lib</file>
         <name>copy_decompress_none.c.obj</name>
      </input_file>
      <input_file id="fl-e0">
         <path>C:\ti\ccs1120\ccs\tools\compiler\ti-cgt-arm_20.2.5.LTS\lib\</path>
         <kind>archive</kind>
         <file>rtsv7M4_T_le_v4SPD16_eabi.lib</file>
         <name>copy_decompress_lzss.c.obj</name>
      </input_file>
      <input_file id="fl-e1">
         <path>C:\ti\ccs1120\ccs\tools\compiler\ti-cgt-arm_20.2.5.LTS\lib\</path>
         <kind>archive</kind>
         <file>rtsv7M4_T_le_v4SPD16_eabi.lib</file>
         <name>boot_cortex_m.c.obj</name>
      </input_file>
      <input_file id="fl-e2">
         <path>C:\ti\ccs1120\ccs\tools\compiler\ti-cgt-arm_20.2.5.LTS\lib\</path>
         <kind>archive</kind>
         <file>rtsv7M4_T_le_v4SPD16_eabi.lib</file>
         <name>memcpy_t2.asm.obj</name>
      </input_file>
      <input_file id="fl-e3">
         <path>C:\ti\ccs1120\ccs\tools\compiler\ti-cgt-arm_20.2.5.LTS\lib\</path>
         <kind>archive</kind>
         <file>rtsv7M4_T_le_v4SPD16_eabi.lib</file>
         <name>memset_t2.asm.obj</name>
      </input_file>
      <input_file id="fl-e4">
         <path>C:\ti\ccs1120\ccs\tools\compiler\ti-cgt-arm_20.2.5.LTS\lib\</path>
         <kind>archive</kind>
         <file>rtsv7M4_T_le_v4SPD16_eabi.lib</file>
         <name>autoinit.c.obj</name>
      </input_file>
      <input_file id="fl-e5">
         <path>C:\ti\ccs1120\ccs\tools\compiler\ti-cgt-arm_20.2.5.LTS\lib\</path>
         <kind>archive</kind>
         <file>rtsv7M4_T_le_v4SPD16_eabi.lib</file>
         <name>pre_init.c.obj</name>
      </input_file>
      <input_file id="fl-e6">
         <path>C:\ti\ccs1120\ccs\tools\compiler\ti-cgt-arm_20.2.5.LTS\lib\</path>
         <kind>archive</kind>
         <file>rtsv7M4_T_le_v4SPD16_eabi.lib</file>
         <name>cpy_tbl.c.obj</name>
      </input_file>
      <input_file id="fl-e7">
         <path>C:\ti\ccs1120\ccs\tools\compiler\ti-cgt-arm_20.2.5.LTS\lib\</path>
         <kind>archive</kind>
         <file>rtsv7M4_T_le_v4SPD16_eabi.lib</file>
         <name>exit.c.obj</name>
      </input_file>
      <input_file id="fl-e8">
         <path>C:\ti\ccs1120\ccs\tools\compiler\ti-cgt-arm_20.2.5.LTS\lib\</path>
         <kind>archive</kind>
         <file>rtsv7M4_T_le_v4SPD16_eabi.lib</file>
         <name>_lock.c.obj</name>
      </input_file>
      <input_file id="fl-e9">
         <path>C:\ti\ccs1120\ccs\tools\compiler\ti-cgt-arm_20.2.5.LTS\lib\</path>
         <kind>archive</kind>
         <file>rtsv7M4_T_le_v4SPD16_eabi.lib</file>
         <name>args_main.c.obj</name>
      </input_file>
   </input_file_list>
   <object_component_list>
      <object_component id="oc-26">
         <name>.intvecs:retain</name>
         <load_address>0x0</load_address>
         <run_address>0x0</run_address>
         <size>0xe4</size>
         <input_file_ref idref="fl-1e"/>
      </object_component>
      <object_component id="oc-173">
         <name>.text:_getIndexForMemRegister</name>
         <load_address>0xe4</load_address>
         <run_address>0xe4</run_address>
         <size>0x160</size>
         <input_file_ref idref="fl-2"/>
      </object_component>
      <object_component id="oc-e2">
         <name>.text:ADC14_configureConversionMemory</name>
         <load_address>0x244</load_address>
         <run_address>0x244</run_address>
         <size>0xb4</size>
         <input_file_ref idref="fl-2"/>
      </object_component>
      <object_component id="oc-d0">
         <name>.text:GPIO_setAsPeripheralModuleFunctionInputPin</name>
         <load_address>0x2f8</load_address>
         <run_address>0x2f8</run_address>
         <size>0x88</size>
         <input_file_ref idref="fl-b"/>
      </object_component>
      <object_component id="oc-99">
         <name>.text:main</name>
         <load_address>0x380</load_address>
         <run_address>0x380</run_address>
         <size>0x88</size>
         <input_file_ref idref="fl-e"/>
      </object_component>
      <object_component id="oc-ab">
         <name>.text:SystemInit</name>
         <load_address>0x408</load_address>
         <run_address>0x408</run_address>
         <size>0x78</size>
         <input_file_ref idref="fl-18"/>
      </object_component>
      <object_component id="oc-dc">
         <name>.text:ADC14_configureSingleSampleMode</name>
         <load_address>0x480</load_address>
         <run_address>0x480</run_address>
         <size>0x58</size>
         <input_file_ref idref="fl-2"/>
      </object_component>
      <object_component id="oc-d6">
         <name>.text:ADC14_initModule</name>
         <load_address>0x4d8</load_address>
         <run_address>0x4d8</run_address>
         <size>0x54</size>
         <input_file_ref idref="fl-2"/>
      </object_component>
      <object_component id="oc-ca">
         <name>.text:GPIO_setAsOutputPin</name>
         <load_address>0x52c</load_address>
         <run_address>0x52c</run_address>
         <size>0x40</size>
         <input_file_ref idref="fl-b"/>
      </object_component>
      <object_component id="oc-ee">
         <name>.text:ADC14_enableSampleTimer</name>
         <load_address>0x56c</load_address>
         <run_address>0x56c</run_address>
         <size>0x34</size>
         <input_file_ref idref="fl-2"/>
      </object_component>
      <object_component id="oc-e8">
         <name>.text:ADC14_setSampleHoldTime</name>
         <load_address>0x5a0</load_address>
         <run_address>0x5a0</run_address>
         <size>0x30</size>
         <input_file_ref idref="fl-2"/>
      </object_component>
      <object_component id="oc-100">
         <name>.text:ADC14_toggleConversionTrigger</name>
         <load_address>0x5d0</load_address>
         <run_address>0x5d0</run_address>
         <size>0x2c</size>
         <input_file_ref idref="fl-2"/>
      </object_component>
      <object_component id="oc-4f">
         <name>.text:_c_int00_noinit_noargs:_c_int00_noinit_noargs</name>
         <load_address>0x5fc</load_address>
         <run_address>0x5fc</run_address>
         <size>0x2c</size>
         <input_file_ref idref="fl-e1"/>
      </object_component>
      <object_component id="oc-fa">
         <name>.text:ADC14_enableConversion</name>
         <load_address>0x628</load_address>
         <run_address>0x628</run_address>
         <size>0x28</size>
         <input_file_ref idref="fl-2"/>
      </object_component>
      <object_component id="oc-10c">
         <name>.text:ADC14_getResult</name>
         <load_address>0x650</load_address>
         <run_address>0x650</run_address>
         <size>0x28</size>
         <input_file_ref idref="fl-2"/>
      </object_component>
      <object_component id="oc-106">
         <name>.text:ADC14_isBusy</name>
         <load_address>0x678</load_address>
         <run_address>0x678</run_address>
         <size>0x10</size>
         <input_file_ref idref="fl-2"/>
      </object_component>
      <object_component id="oc-16c">
         <name>.text:ADCIsConversionRunning</name>
         <load_address>0x688</load_address>
         <run_address>0x688</run_address>
         <size>0x10</size>
         <input_file_ref idref="fl-2"/>
      </object_component>
      <object_component id="oc-f4">
         <name>.text:ADC14_enableModule</name>
         <load_address>0x698</load_address>
         <run_address>0x698</run_address>
         <size>0xc</size>
         <input_file_ref idref="fl-2"/>
      </object_component>
      <object_component id="oc-67">
         <name>.text:Reset_Handler</name>
         <load_address>0x6a4</load_address>
         <run_address>0x6a4</run_address>
         <size>0xc</size>
         <input_file_ref idref="fl-1e"/>
      </object_component>
      <object_component id="oc-93">
         <name>.text:_system_pre_init</name>
         <load_address>0x6b0</load_address>
         <run_address>0x6b0</run_address>
         <size>0x4</size>
         <input_file_ref idref="fl-e5"/>
      </object_component>
      <object_component id="oc-11d">
         <name>.text:abort:abort</name>
         <load_address>0x6b4</load_address>
         <run_address>0x6b4</run_address>
         <size>0x4</size>
         <input_file_ref idref="fl-e7"/>
      </object_component>
      <object_component id="oc-6d">
         <name>.text:Default_Handler</name>
         <load_address>0x6b8</load_address>
         <run_address>0x6b8</run_address>
         <size>0x2</size>
         <input_file_ref idref="fl-1e"/>
      </object_component>
      <object_component id="oc-17a">
         <name>.const:_ctlRegs</name>
         <load_address>0x6bc</load_address>
         <run_address>0x6bc</run_address>
         <size>0x80</size>
         <input_file_ref idref="fl-2"/>
      </object_component>
      <object_component id="oc-162">
         <name>.const:GPIO_PORT_TO_BASE</name>
         <load_address>0x73c</load_address>
         <run_address>0x73c</run_address>
         <size>0x30</size>
         <input_file_ref idref="fl-b"/>
      </object_component>
      <object_component id="oc-1ed">
         <name>.binit</name>
         <load_address>0x0</load_address>
         <run_address>0x0</run_address>
         <size>0x0</size>
      </object_component>
      <object_component id="oc-29">
         <name>.stack</name>
         <uninitialized>true</uninitialized>
         <run_address>0x2000fe00</run_address>
         <size>0x4</size>
         <input_file_ref idref="fl-e1"/>
      </object_component>
      <object_component id="oc-21b">
         <name>.stack</name>
         <uninitialized>true</uninitialized>
         <run_address>0x2000fe00</run_address>
         <size>0x0</size>
      </object_component>
      <object_component id="oc-161">
         <name>.debug_info</name>
         <load_address>0x0</load_address>
         <run_address>0x0</run_address>
         <size>0x676</size>
         <input_file_ref idref="fl-2"/>
      </object_component>
      <object_component id="oc-17b">
         <name>.debug_info</name>
         <load_address>0x676</load_address>
         <run_address>0x676</run_address>
         <size>0xcc</size>
         <input_file_ref idref="fl-2"/>
      </object_component>
      <object_component id="oc-175">
         <name>.debug_info</name>
         <load_address>0x742</load_address>
         <run_address>0x742</run_address>
         <size>0x139</size>
         <input_file_ref idref="fl-2"/>
      </object_component>
      <object_component id="oc-16e">
         <name>.debug_info</name>
         <load_address>0x87b</load_address>
         <run_address>0x87b</run_address>
         <size>0x118</size>
         <input_file_ref idref="fl-2"/>
      </object_component>
      <object_component id="oc-f5">
         <name>.debug_info</name>
         <load_address>0x993</load_address>
         <run_address>0x993</run_address>
         <size>0x10d</size>
         <input_file_ref idref="fl-2"/>
      </object_component>
      <object_component id="oc-f0">
         <name>.debug_info</name>
         <load_address>0xaa0</load_address>
         <run_address>0xaa0</run_address>
         <size>0x193</size>
         <input_file_ref idref="fl-2"/>
      </object_component>
      <object_component id="oc-d8">
         <name>.debug_info</name>
         <load_address>0xc33</load_address>
         <run_address>0xc33</run_address>
         <size>0x25a</size>
         <input_file_ref idref="fl-2"/>
      </object_component>
      <object_component id="oc-e9">
         <name>.debug_info</name>
         <load_address>0xe8d</load_address>
         <run_address>0xe8d</run_address>
         <size>0x1dd</size>
         <input_file_ref idref="fl-2"/>
      </object_component>
      <object_component id="oc-dd">
         <name>.debug_info</name>
         <load_address>0x106a</load_address>
         <run_address>0x106a</run_address>
         <size>0x1fb</size>
         <input_file_ref idref="fl-2"/>
      </object_component>
      <object_component id="oc-fb">
         <name>.debug_info</name>
         <load_address>0x1265</load_address>
         <run_address>0x1265</run_address>
         <size>0x139</size>
         <input_file_ref idref="fl-2"/>
      </object_component>
      <object_component id="oc-101">
         <name>.debug_info</name>
         <load_address>0x139e</load_address>
         <run_address>0x139e</run_address>
         <size>0x12a</size>
         <input_file_ref idref="fl-2"/>
      </object_component>
      <object_component id="oc-107">
         <name>.debug_info</name>
         <load_address>0x14c8</load_address>
         <run_address>0x14c8</run_address>
         <size>0x108</size>
         <input_file_ref idref="fl-2"/>
      </object_component>
      <object_component id="oc-e3">
         <name>.debug_info</name>
         <load_address>0x15d0</load_address>
         <run_address>0x15d0</run_address>
         <size>0x2eb</size>
         <input_file_ref idref="fl-2"/>
      </object_component>
      <object_component id="oc-10d">
         <name>.debug_info</name>
         <load_address>0x18bb</load_address>
         <run_address>0x18bb</run_address>
         <size>0x18f</size>
         <input_file_ref idref="fl-2"/>
      </object_component>
      <object_component id="oc-1a7">
         <name>.debug_info</name>
         <load_address>0x1a4a</load_address>
         <run_address>0x1a4a</run_address>
         <size>0x37e2</size>
         <input_file_ref idref="fl-2"/>
      </object_component>
      <object_component id="oc-b5">
         <name>.debug_info</name>
         <load_address>0x522c</load_address>
         <run_address>0x522c</run_address>
         <size>0x26b</size>
         <input_file_ref idref="fl-2"/>
      </object_component>
      <object_component id="oc-1ac">
         <name>.debug_info</name>
         <load_address>0x5497</load_address>
         <run_address>0x5497</run_address>
         <size>0x1028</size>
         <input_file_ref idref="fl-2"/>
      </object_component>
      <object_component id="oc-113">
         <name>.debug_info</name>
         <load_address>0x64bf</load_address>
         <run_address>0x64bf</run_address>
         <size>0x8b</size>
         <input_file_ref idref="fl-2"/>
      </object_component>
      <object_component id="oc-15c">
         <name>.debug_info</name>
         <load_address>0x654a</load_address>
         <run_address>0x654a</run_address>
         <size>0x2a4</size>
         <input_file_ref idref="fl-2"/>
      </object_component>
      <object_component id="oc-166">
         <name>.debug_info</name>
         <load_address>0x67ee</load_address>
         <run_address>0x67ee</run_address>
         <size>0xef</size>
         <input_file_ref idref="fl-2"/>
      </object_component>
      <object_component id="oc-118">
         <name>.debug_info</name>
         <load_address>0x68dd</load_address>
         <run_address>0x68dd</run_address>
         <size>0xbb</size>
         <input_file_ref idref="fl-2"/>
      </object_component>
      <object_component id="oc-32">
         <name>.debug_info</name>
         <load_address>0x6998</load_address>
         <run_address>0x6998</run_address>
         <size>0x84</size>
         <input_file_ref idref="fl-5"/>
      </object_component>
      <object_component id="oc-1b3">
         <name>.debug_info</name>
         <load_address>0x6a1c</load_address>
         <run_address>0x6a1c</run_address>
         <size>0x671</size>
         <input_file_ref idref="fl-b"/>
      </object_component>
      <object_component id="oc-163">
         <name>.debug_info</name>
         <load_address>0x708d</load_address>
         <run_address>0x708d</run_address>
         <size>0xdd</size>
         <input_file_ref idref="fl-b"/>
      </object_component>
      <object_component id="oc-cb">
         <name>.debug_info</name>
         <load_address>0x716a</load_address>
         <run_address>0x716a</run_address>
         <size>0x1b2</size>
         <input_file_ref idref="fl-b"/>
      </object_component>
      <object_component id="oc-d1">
         <name>.debug_info</name>
         <load_address>0x731c</load_address>
         <run_address>0x731c</run_address>
         <size>0x203</size>
         <input_file_ref idref="fl-b"/>
      </object_component>
      <object_component id="oc-9b">
         <name>.debug_info</name>
         <load_address>0x751f</load_address>
         <run_address>0x751f</run_address>
         <size>0x29c</size>
         <input_file_ref idref="fl-e"/>
      </object_component>
      <object_component id="oc-ae">
         <name>.debug_info</name>
         <load_address>0x77bb</load_address>
         <run_address>0x77bb</run_address>
         <size>0x127</size>
         <input_file_ref idref="fl-18"/>
      </object_component>
      <object_component id="oc-75">
         <name>.debug_info</name>
         <load_address>0x78e2</load_address>
         <run_address>0x78e2</run_address>
         <size>0x2c7</size>
         <input_file_ref idref="fl-1e"/>
      </object_component>
      <object_component id="oc-27">
         <name>.debug_info</name>
         <load_address>0x7ba9</load_address>
         <run_address>0x7ba9</run_address>
         <size>0xf3</size>
         <input_file_ref idref="fl-1e"/>
      </object_component>
      <object_component id="oc-6a">
         <name>.debug_info</name>
         <load_address>0x7c9c</load_address>
         <run_address>0x7c9c</run_address>
         <size>0x156</size>
         <input_file_ref idref="fl-1e"/>
      </object_component>
      <object_component id="oc-70">
         <name>.debug_info</name>
         <load_address>0x7df2</load_address>
         <run_address>0x7df2</run_address>
         <size>0x13e</size>
         <input_file_ref idref="fl-1e"/>
      </object_component>
      <object_component id="oc-2a">
         <name>.debug_info</name>
         <load_address>0x7f30</load_address>
         <run_address>0x7f30</run_address>
         <size>0x10b</size>
         <input_file_ref idref="fl-e1"/>
      </object_component>
      <object_component id="oc-51">
         <name>.debug_info</name>
         <load_address>0x803b</load_address>
         <run_address>0x803b</run_address>
         <size>0x1a2</size>
         <input_file_ref idref="fl-e1"/>
      </object_component>
      <object_component id="oc-94">
         <name>.debug_info</name>
         <load_address>0x81dd</load_address>
         <run_address>0x81dd</run_address>
         <size>0x153</size>
         <input_file_ref idref="fl-e5"/>
      </object_component>
      <object_component id="oc-11f">
         <name>.debug_info</name>
         <load_address>0x8330</load_address>
         <run_address>0x8330</run_address>
         <size>0x122</size>
         <input_file_ref idref="fl-e7"/>
      </object_component>
      <object_component id="oc-21c">
         <name>.debug_info</name>
         <load_address>0x8452</load_address>
         <run_address>0x8452</run_address>
         <size>0x9b</size>
      </object_component>
      <object_component id="oc-1a6">
         <name>.debug_line</name>
         <load_address>0x0</load_address>
         <run_address>0x0</run_address>
         <size>0x7f</size>
         <input_file_ref idref="fl-2"/>
      </object_component>
      <object_component id="oc-1b7">
         <name>.debug_line</name>
         <load_address>0x7f</load_address>
         <run_address>0x7f</run_address>
         <size>0x2e</size>
         <input_file_ref idref="fl-2"/>
      </object_component>
      <object_component id="oc-174">
         <name>.debug_line</name>
         <load_address>0xad</load_address>
         <run_address>0xad</run_address>
         <size>0x71</size>
         <input_file_ref idref="fl-2"/>
      </object_component>
      <object_component id="oc-16d">
         <name>.debug_line</name>
         <load_address>0x11e</load_address>
         <run_address>0x11e</run_address>
         <size>0x46</size>
         <input_file_ref idref="fl-2"/>
      </object_component>
      <object_component id="oc-f8">
         <name>.debug_line</name>
         <load_address>0x164</load_address>
         <run_address>0x164</run_address>
         <size>0x46</size>
         <input_file_ref idref="fl-2"/>
      </object_component>
      <object_component id="oc-ef">
         <name>.debug_line</name>
         <load_address>0x1aa</load_address>
         <run_address>0x1aa</run_address>
         <size>0x54</size>
         <input_file_ref idref="fl-2"/>
      </object_component>
      <object_component id="oc-d7">
         <name>.debug_line</name>
         <load_address>0x1fe</load_address>
         <run_address>0x1fe</run_address>
         <size>0x52</size>
         <input_file_ref idref="fl-2"/>
      </object_component>
      <object_component id="oc-ec">
         <name>.debug_line</name>
         <load_address>0x250</load_address>
         <run_address>0x250</run_address>
         <size>0x4f</size>
         <input_file_ref idref="fl-2"/>
      </object_component>
      <object_component id="oc-e0">
         <name>.debug_line</name>
         <load_address>0x29f</load_address>
         <run_address>0x29f</run_address>
         <size>0x54</size>
         <input_file_ref idref="fl-2"/>
      </object_component>
      <object_component id="oc-fe">
         <name>.debug_line</name>
         <load_address>0x2f3</load_address>
         <run_address>0x2f3</run_address>
         <size>0x4d</size>
         <input_file_ref idref="fl-2"/>
      </object_component>
      <object_component id="oc-104">
         <name>.debug_line</name>
         <load_address>0x340</load_address>
         <run_address>0x340</run_address>
         <size>0x53</size>
         <input_file_ref idref="fl-2"/>
      </object_component>
      <object_component id="oc-10b">
         <name>.debug_line</name>
         <load_address>0x393</load_address>
         <run_address>0x393</run_address>
         <size>0x46</size>
         <input_file_ref idref="fl-2"/>
      </object_component>
      <object_component id="oc-e7">
         <name>.debug_line</name>
         <load_address>0x3d9</load_address>
         <run_address>0x3d9</run_address>
         <size>0x79</size>
         <input_file_ref idref="fl-2"/>
      </object_component>
      <object_component id="oc-110">
         <name>.debug_line</name>
         <load_address>0x452</load_address>
         <run_address>0x452</run_address>
         <size>0x4d</size>
         <input_file_ref idref="fl-2"/>
      </object_component>
      <object_component id="oc-1aa">
         <name>.debug_line</name>
         <load_address>0x49f</load_address>
         <run_address>0x49f</run_address>
         <size>0x7b</size>
         <input_file_ref idref="fl-2"/>
      </object_component>
      <object_component id="oc-b8">
         <name>.debug_line</name>
         <load_address>0x51a</load_address>
         <run_address>0x51a</run_address>
         <size>0x6f</size>
         <input_file_ref idref="fl-2"/>
      </object_component>
      <object_component id="oc-1af">
         <name>.debug_line</name>
         <load_address>0x589</load_address>
         <run_address>0x589</run_address>
         <size>0x78</size>
         <input_file_ref idref="fl-2"/>
      </object_component>
      <object_component id="oc-116">
         <name>.debug_line</name>
         <load_address>0x601</load_address>
         <run_address>0x601</run_address>
         <size>0x20</size>
         <input_file_ref idref="fl-2"/>
      </object_component>
      <object_component id="oc-15f">
         <name>.debug_line</name>
         <load_address>0x621</load_address>
         <run_address>0x621</run_address>
         <size>0x73</size>
         <input_file_ref idref="fl-2"/>
      </object_component>
      <object_component id="oc-169">
         <name>.debug_line</name>
         <load_address>0x694</load_address>
         <run_address>0x694</run_address>
         <size>0x6f</size>
         <input_file_ref idref="fl-2"/>
      </object_component>
      <object_component id="oc-11b">
         <name>.debug_line</name>
         <load_address>0x703</load_address>
         <run_address>0x703</run_address>
         <size>0x70</size>
         <input_file_ref idref="fl-2"/>
      </object_component>
      <object_component id="oc-35">
         <name>.debug_line</name>
         <load_address>0x773</load_address>
         <run_address>0x773</run_address>
         <size>0x20</size>
         <input_file_ref idref="fl-5"/>
      </object_component>
      <object_component id="oc-1da">
         <name>.debug_line</name>
         <load_address>0x793</load_address>
         <run_address>0x793</run_address>
         <size>0x7f</size>
         <input_file_ref idref="fl-b"/>
      </object_component>
      <object_component id="oc-1b2">
         <name>.debug_line</name>
         <load_address>0x812</load_address>
         <run_address>0x812</run_address>
         <size>0x2d</size>
         <input_file_ref idref="fl-b"/>
      </object_component>
      <object_component id="oc-ce">
         <name>.debug_line</name>
         <load_address>0x83f</load_address>
         <run_address>0x83f</run_address>
         <size>0x4a</size>
         <input_file_ref idref="fl-b"/>
      </object_component>
      <object_component id="oc-d4">
         <name>.debug_line</name>
         <load_address>0x889</load_address>
         <run_address>0x889</run_address>
         <size>0x54</size>
         <input_file_ref idref="fl-b"/>
      </object_component>
      <object_component id="oc-9a">
         <name>.debug_line</name>
         <load_address>0x8dd</load_address>
         <run_address>0x8dd</run_address>
         <size>0x5c</size>
         <input_file_ref idref="fl-e"/>
      </object_component>
      <object_component id="oc-ad">
         <name>.debug_line</name>
         <load_address>0x939</load_address>
         <run_address>0x939</run_address>
         <size>0x66</size>
         <input_file_ref idref="fl-18"/>
      </object_component>
      <object_component id="oc-b4">
         <name>.debug_line</name>
         <load_address>0x99f</load_address>
         <run_address>0x99f</run_address>
         <size>0x44</size>
         <input_file_ref idref="fl-1e"/>
      </object_component>
      <object_component id="oc-74">
         <name>.debug_line</name>
         <load_address>0x9e3</load_address>
         <run_address>0x9e3</run_address>
         <size>0x44</size>
         <input_file_ref idref="fl-1e"/>
      </object_component>
      <object_component id="oc-69">
         <name>.debug_line</name>
         <load_address>0xa27</load_address>
         <run_address>0xa27</run_address>
         <size>0x5d</size>
         <input_file_ref idref="fl-1e"/>
      </object_component>
      <object_component id="oc-6e">
         <name>.debug_line</name>
         <load_address>0xa84</load_address>
         <run_address>0xa84</run_address>
         <size>0x59</size>
         <input_file_ref idref="fl-1e"/>
      </object_component>
      <object_component id="oc-77">
         <name>.debug_line</name>
         <load_address>0xadd</load_address>
         <run_address>0xadd</run_address>
         <size>0x33</size>
         <input_file_ref idref="fl-e1"/>
      </object_component>
      <object_component id="oc-50">
         <name>.debug_line</name>
         <load_address>0xb10</load_address>
         <run_address>0xb10</run_address>
         <size>0x48</size>
         <input_file_ref idref="fl-e1"/>
      </object_component>
      <object_component id="oc-97">
         <name>.debug_line</name>
         <load_address>0xb58</load_address>
         <run_address>0xb58</run_address>
         <size>0x40</size>
         <input_file_ref idref="fl-e5"/>
      </object_component>
      <object_component id="oc-11e">
         <name>.debug_line</name>
         <load_address>0xb98</load_address>
         <run_address>0xb98</run_address>
         <size>0x3c</size>
         <input_file_ref idref="fl-e7"/>
      </object_component>
      <object_component id="oc-178">
         <name>.debug_frame</name>
         <load_address>0x0</load_address>
         <run_address>0x0</run_address>
         <size>0x58</size>
         <input_file_ref idref="fl-2"/>
      </object_component>
      <object_component id="oc-171">
         <name>.debug_frame</name>
         <load_address>0x58</load_address>
         <run_address>0x58</run_address>
         <size>0x54</size>
         <input_file_ref idref="fl-2"/>
      </object_component>
      <object_component id="oc-f9">
         <name>.debug_frame</name>
         <load_address>0xac</load_address>
         <run_address>0xac</run_address>
         <size>0x54</size>
         <input_file_ref idref="fl-2"/>
      </object_component>
      <object_component id="oc-f3">
         <name>.debug_frame</name>
         <load_address>0x100</load_address>
         <run_address>0x100</run_address>
         <size>0x58</size>
         <input_file_ref idref="fl-2"/>
      </object_component>
      <object_component id="oc-db">
         <name>.debug_frame</name>
         <load_address>0x158</load_address>
         <run_address>0x158</run_address>
         <size>0x60</size>
         <input_file_ref idref="fl-2"/>
      </object_component>
      <object_component id="oc-ed">
         <name>.debug_frame</name>
         <load_address>0x1b8</load_address>
         <run_address>0x1b8</run_address>
         <size>0x5c</size>
         <input_file_ref idref="fl-2"/>
      </object_component>
      <object_component id="oc-e1">
         <name>.debug_frame</name>
         <load_address>0x214</load_address>
         <run_address>0x214</run_address>
         <size>0x5c</size>
         <input_file_ref idref="fl-2"/>
      </object_component>
      <object_component id="oc-ff">
         <name>.debug_frame</name>
         <load_address>0x270</load_address>
         <run_address>0x270</run_address>
         <size>0x58</size>
         <input_file_ref idref="fl-2"/>
      </object_component>
      <object_component id="oc-105">
         <name>.debug_frame</name>
         <load_address>0x2c8</load_address>
         <run_address>0x2c8</run_address>
         <size>0x54</size>
         <input_file_ref idref="fl-2"/>
      </object_component>
      <object_component id="oc-10a">
         <name>.debug_frame</name>
         <load_address>0x31c</load_address>
         <run_address>0x31c</run_address>
         <size>0x54</size>
         <input_file_ref idref="fl-2"/>
      </object_component>
      <object_component id="oc-e6">
         <name>.debug_frame</name>
         <load_address>0x370</load_address>
         <run_address>0x370</run_address>
         <size>0x60</size>
         <input_file_ref idref="fl-2"/>
      </object_component>
      <object_component id="oc-111">
         <name>.debug_frame</name>
         <load_address>0x3d0</load_address>
         <run_address>0x3d0</run_address>
         <size>0x5c</size>
         <input_file_ref idref="fl-2"/>
      </object_component>
      <object_component id="oc-cf">
         <name>.debug_frame</name>
         <load_address>0x42c</load_address>
         <run_address>0x42c</run_address>
         <size>0x58</size>
         <input_file_ref idref="fl-b"/>
      </object_component>
      <object_component id="oc-d5">
         <name>.debug_frame</name>
         <load_address>0x484</load_address>
         <run_address>0x484</run_address>
         <size>0x58</size>
         <input_file_ref idref="fl-b"/>
      </object_component>
      <object_component id="oc-9e">
         <name>.debug_frame</name>
         <load_address>0x4dc</load_address>
         <run_address>0x4dc</run_address>
         <size>0x58</size>
         <input_file_ref idref="fl-e"/>
      </object_component>
      <object_component id="oc-ac">
         <name>.debug_frame</name>
         <load_address>0x534</load_address>
         <run_address>0x534</run_address>
         <size>0x54</size>
         <input_file_ref idref="fl-18"/>
      </object_component>
      <object_component id="oc-68">
         <name>.debug_frame</name>
         <load_address>0x588</load_address>
         <run_address>0x588</run_address>
         <size>0x58</size>
         <input_file_ref idref="fl-1e"/>
      </object_component>
      <object_component id="oc-6f">
         <name>.debug_frame</name>
         <load_address>0x5e0</load_address>
         <run_address>0x5e0</run_address>
         <size>0x54</size>
         <input_file_ref idref="fl-1e"/>
      </object_component>
      <object_component id="oc-54">
         <name>.debug_frame</name>
         <load_address>0x634</load_address>
         <run_address>0x634</run_address>
         <size>0x50</size>
         <input_file_ref idref="fl-e1"/>
      </object_component>
      <object_component id="oc-98">
         <name>.debug_frame</name>
         <load_address>0x684</load_address>
         <run_address>0x684</run_address>
         <size>0x54</size>
         <input_file_ref idref="fl-e5"/>
      </object_component>
      <object_component id="oc-122">
         <name>.debug_frame</name>
         <load_address>0x6d8</load_address>
         <run_address>0x6d8</run_address>
         <size>0x54</size>
         <input_file_ref idref="fl-e7"/>
      </object_component>
      <object_component id="oc-1a5">
         <name>.debug_abbrev</name>
         <load_address>0x0</load_address>
         <run_address>0x0</run_address>
         <size>0xc2</size>
         <input_file_ref idref="fl-2"/>
      </object_component>
      <object_component id="oc-1b6">
         <name>.debug_abbrev</name>
         <load_address>0xc2</load_address>
         <run_address>0xc2</run_address>
         <size>0x27</size>
         <input_file_ref idref="fl-2"/>
      </object_component>
      <object_component id="oc-1b5">
         <name>.debug_abbrev</name>
         <load_address>0xe9</load_address>
         <run_address>0xe9</run_address>
         <size>0x6c</size>
         <input_file_ref idref="fl-2"/>
      </object_component>
      <object_component id="oc-1b4">
         <name>.debug_abbrev</name>
         <load_address>0x155</load_address>
         <run_address>0x155</run_address>
         <size>0x50</size>
         <input_file_ref idref="fl-2"/>
      </object_component>
      <object_component id="oc-180">
         <name>.debug_abbrev</name>
         <load_address>0x1a5</load_address>
         <run_address>0x1a5</run_address>
         <size>0x50</size>
         <input_file_ref idref="fl-2"/>
      </object_component>
      <object_component id="oc-17f">
         <name>.debug_abbrev</name>
         <load_address>0x1f5</load_address>
         <run_address>0x1f5</run_address>
         <size>0x7c</size>
         <input_file_ref idref="fl-2"/>
      </object_component>
      <object_component id="oc-172">
         <name>.debug_abbrev</name>
         <load_address>0x271</load_address>
         <run_address>0x271</run_address>
         <size>0x7c</size>
         <input_file_ref idref="fl-2"/>
      </object_component>
      <object_component id="oc-17e">
         <name>.debug_abbrev</name>
         <load_address>0x2ed</load_address>
         <run_address>0x2ed</run_address>
         <size>0x7c</size>
         <input_file_ref idref="fl-2"/>
      </object_component>
      <object_component id="oc-179">
         <name>.debug_abbrev</name>
         <load_address>0x369</load_address>
         <run_address>0x369</run_address>
         <size>0x7c</size>
         <input_file_ref idref="fl-2"/>
      </object_component>
      <object_component id="oc-181">
         <name>.debug_abbrev</name>
         <load_address>0x3e5</load_address>
         <run_address>0x3e5</run_address>
         <size>0x60</size>
         <input_file_ref idref="fl-2"/>
      </object_component>
      <object_component id="oc-182">
         <name>.debug_abbrev</name>
         <load_address>0x445</load_address>
         <run_address>0x445</run_address>
         <size>0x52</size>
         <input_file_ref idref="fl-2"/>
      </object_component>
      <object_component id="oc-183">
         <name>.debug_abbrev</name>
         <load_address>0x497</load_address>
         <run_address>0x497</run_address>
         <size>0x52</size>
         <input_file_ref idref="fl-2"/>
      </object_component>
      <object_component id="oc-17d">
         <name>.debug_abbrev</name>
         <load_address>0x4e9</load_address>
         <run_address>0x4e9</run_address>
         <size>0x87</size>
         <input_file_ref idref="fl-2"/>
      </object_component>
      <object_component id="oc-184">
         <name>.debug_abbrev</name>
         <load_address>0x570</load_address>
         <run_address>0x570</run_address>
         <size>0x7c</size>
         <input_file_ref idref="fl-2"/>
      </object_component>
      <object_component id="oc-1a9">
         <name>.debug_abbrev</name>
         <load_address>0x5ec</load_address>
         <run_address>0x5ec</run_address>
         <size>0xbd</size>
         <input_file_ref idref="fl-2"/>
      </object_component>
      <object_component id="oc-b7">
         <name>.debug_abbrev</name>
         <load_address>0x6a9</load_address>
         <run_address>0x6a9</run_address>
         <size>0x69</size>
         <input_file_ref idref="fl-2"/>
      </object_component>
      <object_component id="oc-1ae">
         <name>.debug_abbrev</name>
         <load_address>0x712</load_address>
         <run_address>0x712</run_address>
         <size>0x97</size>
         <input_file_ref idref="fl-2"/>
      </object_component>
      <object_component id="oc-115">
         <name>.debug_abbrev</name>
         <load_address>0x7a9</load_address>
         <run_address>0x7a9</run_address>
         <size>0x1f</size>
         <input_file_ref idref="fl-2"/>
      </object_component>
      <object_component id="oc-15e">
         <name>.debug_abbrev</name>
         <load_address>0x7c8</load_address>
         <run_address>0x7c8</run_address>
         <size>0x5c</size>
         <input_file_ref idref="fl-2"/>
      </object_component>
      <object_component id="oc-168">
         <name>.debug_abbrev</name>
         <load_address>0x824</load_address>
         <run_address>0x824</run_address>
         <size>0x24</size>
         <input_file_ref idref="fl-2"/>
      </object_component>
      <object_component id="oc-11a">
         <name>.debug_abbrev</name>
         <load_address>0x848</load_address>
         <run_address>0x848</run_address>
         <size>0x24</size>
         <input_file_ref idref="fl-2"/>
      </object_component>
      <object_component id="oc-34">
         <name>.debug_abbrev</name>
         <load_address>0x86c</load_address>
         <run_address>0x86c</run_address>
         <size>0x1f</size>
         <input_file_ref idref="fl-5"/>
      </object_component>
      <object_component id="oc-1d9">
         <name>.debug_abbrev</name>
         <load_address>0x88b</load_address>
         <run_address>0x88b</run_address>
         <size>0xbb</size>
         <input_file_ref idref="fl-b"/>
      </object_component>
      <object_component id="oc-1b1">
         <name>.debug_abbrev</name>
         <load_address>0x946</load_address>
         <run_address>0x946</run_address>
         <size>0x27</size>
         <input_file_ref idref="fl-b"/>
      </object_component>
      <object_component id="oc-165">
         <name>.debug_abbrev</name>
         <load_address>0x96d</load_address>
         <run_address>0x96d</run_address>
         <size>0x6c</size>
         <input_file_ref idref="fl-b"/>
      </object_component>
      <object_component id="oc-16b">
         <name>.debug_abbrev</name>
         <load_address>0x9d9</load_address>
         <run_address>0x9d9</run_address>
         <size>0x6c</size>
         <input_file_ref idref="fl-b"/>
      </object_component>
      <object_component id="oc-112">
         <name>.debug_abbrev</name>
         <load_address>0xa45</load_address>
         <run_address>0xa45</run_address>
         <size>0x71</size>
         <input_file_ref idref="fl-e"/>
      </object_component>
      <object_component id="oc-15b">
         <name>.debug_abbrev</name>
         <load_address>0xab6</load_address>
         <run_address>0xab6</run_address>
         <size>0x50</size>
         <input_file_ref idref="fl-18"/>
      </object_component>
      <object_component id="oc-b3">
         <name>.debug_abbrev</name>
         <load_address>0xb06</load_address>
         <run_address>0xb06</run_address>
         <size>0x7c</size>
         <input_file_ref idref="fl-1e"/>
      </object_component>
      <object_component id="oc-73">
         <name>.debug_abbrev</name>
         <load_address>0xb82</load_address>
         <run_address>0xb82</run_address>
         <size>0x29</size>
         <input_file_ref idref="fl-1e"/>
      </object_component>
      <object_component id="oc-b1">
         <name>.debug_abbrev</name>
         <load_address>0xbab</load_address>
         <run_address>0xbab</run_address>
         <size>0x5e</size>
         <input_file_ref idref="fl-1e"/>
      </object_component>
      <object_component id="oc-b2">
         <name>.debug_abbrev</name>
         <load_address>0xc09</load_address>
         <run_address>0xc09</run_address>
         <size>0x42</size>
         <input_file_ref idref="fl-1e"/>
      </object_component>
      <object_component id="oc-76">
         <name>.debug_abbrev</name>
         <load_address>0xc4b</load_address>
         <run_address>0xc4b</run_address>
         <size>0x29</size>
         <input_file_ref idref="fl-e1"/>
      </object_component>
      <object_component id="oc-a0">
         <name>.debug_abbrev</name>
         <load_address>0xc74</load_address>
         <run_address>0xc74</run_address>
         <size>0x55</size>
         <input_file_ref idref="fl-e1"/>
      </object_component>
      <object_component id="oc-c9">
         <name>.debug_abbrev</name>
         <load_address>0xcc9</load_address>
         <run_address>0xcc9</run_address>
         <size>0x55</size>
         <input_file_ref idref="fl-e5"/>
      </object_component>
      <object_component id="oc-185">
         <name>.debug_abbrev</name>
         <load_address>0xd1e</load_address>
         <run_address>0xd1e</run_address>
         <size>0x45</size>
         <input_file_ref idref="fl-e7"/>
      </object_component>
      <object_component id="oc-21d">
         <name>.debug_abbrev</name>
         <load_address>0xd63</load_address>
         <run_address>0xd63</run_address>
         <size>0xf</size>
      </object_component>
      <object_component id="oc-1ab">
         <name>.debug_str</name>
         <load_address>0x0</load_address>
         <run_address>0x0</run_address>
         <size>0x15e8</size>
         <input_file_ref idref="fl-2"/>
      </object_component>
      <object_component id="oc-b9">
         <name>.debug_str</name>
         <load_address>0x15e8</load_address>
         <run_address>0x15e8</run_address>
         <size>0x2ac</size>
         <input_file_ref idref="fl-2"/>
      </object_component>
      <object_component id="oc-1b0">
         <name>.debug_str</name>
         <load_address>0x1894</load_address>
         <run_address>0x1894</run_address>
         <size>0x48e</size>
         <input_file_ref idref="fl-2"/>
      </object_component>
      <object_component id="oc-117">
         <name>.debug_str</name>
         <load_address>0x1d22</load_address>
         <run_address>0x1d22</run_address>
         <size>0xfd</size>
         <input_file_ref idref="fl-2"/>
      </object_component>
      <object_component id="oc-160">
         <name>.debug_str</name>
         <load_address>0x1e1f</load_address>
         <run_address>0x1e1f</run_address>
         <size>0x342</size>
         <input_file_ref idref="fl-2"/>
      </object_component>
      <object_component id="oc-16a">
         <name>.debug_str</name>
         <load_address>0x2161</load_address>
         <run_address>0x2161</run_address>
         <size>0x1b7</size>
         <input_file_ref idref="fl-2"/>
      </object_component>
      <object_component id="oc-11c">
         <name>.debug_str</name>
         <load_address>0x2318</load_address>
         <run_address>0x2318</run_address>
         <size>0x144</size>
         <input_file_ref idref="fl-2"/>
      </object_component>
      <object_component id="oc-36">
         <name>.debug_str</name>
         <load_address>0x245c</load_address>
         <run_address>0x245c</run_address>
         <size>0xfd</size>
         <input_file_ref idref="fl-5"/>
      </object_component>
      <object_component id="oc-176">
         <name>.debug_aranges</name>
         <load_address>0x0</load_address>
         <run_address>0x0</run_address>
         <size>0x20</size>
         <input_file_ref idref="fl-2"/>
      </object_component>
      <object_component id="oc-16f">
         <name>.debug_aranges</name>
         <load_address>0x20</load_address>
         <run_address>0x20</run_address>
         <size>0x20</size>
         <input_file_ref idref="fl-2"/>
      </object_component>
      <object_component id="oc-f6">
         <name>.debug_aranges</name>
         <load_address>0x40</load_address>
         <run_address>0x40</run_address>
         <size>0x20</size>
         <input_file_ref idref="fl-2"/>
      </object_component>
      <object_component id="oc-f1">
         <name>.debug_aranges</name>
         <load_address>0x60</load_address>
         <run_address>0x60</run_address>
         <size>0x20</size>
         <input_file_ref idref="fl-2"/>
      </object_component>
      <object_component id="oc-da">
         <name>.debug_aranges</name>
         <load_address>0x80</load_address>
         <run_address>0x80</run_address>
         <size>0x20</size>
         <input_file_ref idref="fl-2"/>
      </object_component>
      <object_component id="oc-ea">
         <name>.debug_aranges</name>
         <load_address>0xa0</load_address>
         <run_address>0xa0</run_address>
         <size>0x20</size>
         <input_file_ref idref="fl-2"/>
      </object_component>
      <object_component id="oc-df">
         <name>.debug_aranges</name>
         <load_address>0xc0</load_address>
         <run_address>0xc0</run_address>
         <size>0x20</size>
         <input_file_ref idref="fl-2"/>
      </object_component>
      <object_component id="oc-fc">
         <name>.debug_aranges</name>
         <load_address>0xe0</load_address>
         <run_address>0xe0</run_address>
         <size>0x20</size>
         <input_file_ref idref="fl-2"/>
      </object_component>
      <object_component id="oc-103">
         <name>.debug_aranges</name>
         <load_address>0x100</load_address>
         <run_address>0x100</run_address>
         <size>0x20</size>
         <input_file_ref idref="fl-2"/>
      </object_component>
      <object_component id="oc-108">
         <name>.debug_aranges</name>
         <load_address>0x120</load_address>
         <run_address>0x120</run_address>
         <size>0x20</size>
         <input_file_ref idref="fl-2"/>
      </object_component>
      <object_component id="oc-e4">
         <name>.debug_aranges</name>
         <load_address>0x140</load_address>
         <run_address>0x140</run_address>
         <size>0x20</size>
         <input_file_ref idref="fl-2"/>
      </object_component>
      <object_component id="oc-10e">
         <name>.debug_aranges</name>
         <load_address>0x160</load_address>
         <run_address>0x160</run_address>
         <size>0x20</size>
         <input_file_ref idref="fl-2"/>
      </object_component>
      <object_component id="oc-cc">
         <name>.debug_aranges</name>
         <load_address>0x180</load_address>
         <run_address>0x180</run_address>
         <size>0x20</size>
         <input_file_ref idref="fl-b"/>
      </object_component>
      <object_component id="oc-d3">
         <name>.debug_aranges</name>
         <load_address>0x1a0</load_address>
         <run_address>0x1a0</run_address>
         <size>0x20</size>
         <input_file_ref idref="fl-b"/>
      </object_component>
      <object_component id="oc-9c">
         <name>.debug_aranges</name>
         <load_address>0x1c0</load_address>
         <run_address>0x1c0</run_address>
         <size>0x20</size>
         <input_file_ref idref="fl-e"/>
      </object_component>
      <object_component id="oc-af">
         <name>.debug_aranges</name>
         <load_address>0x1e0</load_address>
         <run_address>0x1e0</run_address>
         <size>0x20</size>
         <input_file_ref idref="fl-18"/>
      </object_component>
      <object_component id="oc-6b">
         <name>.debug_aranges</name>
         <load_address>0x200</load_address>
         <run_address>0x200</run_address>
         <size>0x20</size>
         <input_file_ref idref="fl-1e"/>
      </object_component>
      <object_component id="oc-72">
         <name>.debug_aranges</name>
         <load_address>0x220</load_address>
         <run_address>0x220</run_address>
         <size>0x20</size>
         <input_file_ref idref="fl-1e"/>
      </object_component>
      <object_component id="oc-53">
         <name>.debug_aranges</name>
         <load_address>0x240</load_address>
         <run_address>0x240</run_address>
         <size>0x20</size>
         <input_file_ref idref="fl-e1"/>
      </object_component>
      <object_component id="oc-95">
         <name>.debug_aranges</name>
         <load_address>0x260</load_address>
         <run_address>0x260</run_address>
         <size>0x20</size>
         <input_file_ref idref="fl-e5"/>
      </object_component>
      <object_component id="oc-121">
         <name>.debug_aranges</name>
         <load_address>0x280</load_address>
         <run_address>0x280</run_address>
         <size>0x20</size>
         <input_file_ref idref="fl-e7"/>
      </object_component>
      <object_component id="oc-17c">
         <name>.debug_pubnames</name>
         <load_address>0x0</load_address>
         <run_address>0x0</run_address>
         <size>0x1f</size>
         <input_file_ref idref="fl-2"/>
      </object_component>
      <object_component id="oc-177">
         <name>.debug_pubnames</name>
         <load_address>0x1f</load_address>
         <run_address>0x1f</run_address>
         <size>0x2e</size>
         <input_file_ref idref="fl-2"/>
      </object_component>
      <object_component id="oc-170">
         <name>.debug_pubnames</name>
         <load_address>0x4d</load_address>
         <run_address>0x4d</run_address>
         <size>0x2d</size>
         <input_file_ref idref="fl-2"/>
      </object_component>
      <object_component id="oc-f7">
         <name>.debug_pubnames</name>
         <load_address>0x7a</load_address>
         <run_address>0x7a</run_address>
         <size>0x29</size>
         <input_file_ref idref="fl-2"/>
      </object_component>
      <object_component id="oc-f2">
         <name>.debug_pubnames</name>
         <load_address>0xa3</load_address>
         <run_address>0xa3</run_address>
         <size>0x2e</size>
         <input_file_ref idref="fl-2"/>
      </object_component>
      <object_component id="oc-d9">
         <name>.debug_pubnames</name>
         <load_address>0xd1</load_address>
         <run_address>0xd1</run_address>
         <size>0x27</size>
         <input_file_ref idref="fl-2"/>
      </object_component>
      <object_component id="oc-eb">
         <name>.debug_pubnames</name>
         <load_address>0xf8</load_address>
         <run_address>0xf8</run_address>
         <size>0x2e</size>
         <input_file_ref idref="fl-2"/>
      </object_component>
      <object_component id="oc-de">
         <name>.debug_pubnames</name>
         <load_address>0x126</load_address>
         <run_address>0x126</run_address>
         <size>0x36</size>
         <input_file_ref idref="fl-2"/>
      </object_component>
      <object_component id="oc-fd">
         <name>.debug_pubnames</name>
         <load_address>0x15c</load_address>
         <run_address>0x15c</run_address>
         <size>0x2d</size>
         <input_file_ref idref="fl-2"/>
      </object_component>
      <object_component id="oc-102">
         <name>.debug_pubnames</name>
         <load_address>0x189</load_address>
         <run_address>0x189</run_address>
         <size>0x34</size>
         <input_file_ref idref="fl-2"/>
      </object_component>
      <object_component id="oc-109">
         <name>.debug_pubnames</name>
         <load_address>0x1bd</load_address>
         <run_address>0x1bd</run_address>
         <size>0x23</size>
         <input_file_ref idref="fl-2"/>
      </object_component>
      <object_component id="oc-e5">
         <name>.debug_pubnames</name>
         <load_address>0x1e0</load_address>
         <run_address>0x1e0</run_address>
         <size>0x36</size>
         <input_file_ref idref="fl-2"/>
      </object_component>
      <object_component id="oc-10f">
         <name>.debug_pubnames</name>
         <load_address>0x216</load_address>
         <run_address>0x216</run_address>
         <size>0x26</size>
         <input_file_ref idref="fl-2"/>
      </object_component>
      <object_component id="oc-164">
         <name>.debug_pubnames</name>
         <load_address>0x23c</load_address>
         <run_address>0x23c</run_address>
         <size>0x28</size>
         <input_file_ref idref="fl-b"/>
      </object_component>
      <object_component id="oc-cd">
         <name>.debug_pubnames</name>
         <load_address>0x264</load_address>
         <run_address>0x264</run_address>
         <size>0x2a</size>
         <input_file_ref idref="fl-b"/>
      </object_component>
      <object_component id="oc-d2">
         <name>.debug_pubnames</name>
         <load_address>0x28e</load_address>
         <run_address>0x28e</run_address>
         <size>0x41</size>
         <input_file_ref idref="fl-b"/>
      </object_component>
      <object_component id="oc-9d">
         <name>.debug_pubnames</name>
         <load_address>0x2cf</load_address>
         <run_address>0x2cf</run_address>
         <size>0x1b</size>
         <input_file_ref idref="fl-e"/>
      </object_component>
      <object_component id="oc-b0">
         <name>.debug_pubnames</name>
         <load_address>0x2ea</load_address>
         <run_address>0x2ea</run_address>
         <size>0x21</size>
         <input_file_ref idref="fl-18"/>
      </object_component>
      <object_component id="oc-28">
         <name>.debug_pubnames</name>
         <load_address>0x30b</load_address>
         <run_address>0x30b</run_address>
         <size>0x27</size>
         <input_file_ref idref="fl-1e"/>
      </object_component>
      <object_component id="oc-6c">
         <name>.debug_pubnames</name>
         <load_address>0x332</load_address>
         <run_address>0x332</run_address>
         <size>0x24</size>
         <input_file_ref idref="fl-1e"/>
      </object_component>
      <object_component id="oc-71">
         <name>.debug_pubnames</name>
         <load_address>0x356</load_address>
         <run_address>0x356</run_address>
         <size>0x26</size>
         <input_file_ref idref="fl-1e"/>
      </object_component>
      <object_component id="oc-2b">
         <name>.debug_pubnames</name>
         <load_address>0x37c</load_address>
         <run_address>0x37c</run_address>
         <size>0x1e</size>
         <input_file_ref idref="fl-e1"/>
      </object_component>
      <object_component id="oc-52">
         <name>.debug_pubnames</name>
         <load_address>0x39a</load_address>
         <run_address>0x39a</run_address>
         <size>0x2d</size>
         <input_file_ref idref="fl-e1"/>
      </object_component>
      <object_component id="oc-96">
         <name>.debug_pubnames</name>
         <load_address>0x3c7</load_address>
         <run_address>0x3c7</run_address>
         <size>0x27</size>
         <input_file_ref idref="fl-e5"/>
      </object_component>
      <object_component id="oc-120">
         <name>.debug_pubnames</name>
         <load_address>0x3ee</load_address>
         <run_address>0x3ee</run_address>
         <size>0x1c</size>
         <input_file_ref idref="fl-e7"/>
      </object_component>
      <object_component id="oc-1a8">
         <name>.debug_pubtypes</name>
         <load_address>0x0</load_address>
         <run_address>0x0</run_address>
         <size>0x2ce</size>
         <input_file_ref idref="fl-2"/>
      </object_component>
      <object_component id="oc-b6">
         <name>.debug_pubtypes</name>
         <load_address>0x2ce</load_address>
         <run_address>0x2ce</run_address>
         <size>0x25c</size>
         <input_file_ref idref="fl-2"/>
      </object_component>
      <object_component id="oc-1ad">
         <name>.debug_pubtypes</name>
         <load_address>0x52a</load_address>
         <run_address>0x52a</run_address>
         <size>0xdd</size>
         <input_file_ref idref="fl-2"/>
      </object_component>
      <object_component id="oc-114">
         <name>.debug_pubtypes</name>
         <load_address>0x607</load_address>
         <run_address>0x607</run_address>
         <size>0xff</size>
         <input_file_ref idref="fl-2"/>
      </object_component>
      <object_component id="oc-15d">
         <name>.debug_pubtypes</name>
         <load_address>0x706</load_address>
         <run_address>0x706</run_address>
         <size>0x330</size>
         <input_file_ref idref="fl-2"/>
      </object_component>
      <object_component id="oc-167">
         <name>.debug_pubtypes</name>
         <load_address>0xa36</load_address>
         <run_address>0xa36</run_address>
         <size>0x12e</size>
         <input_file_ref idref="fl-2"/>
      </object_component>
      <object_component id="oc-119">
         <name>.debug_pubtypes</name>
         <load_address>0xb64</load_address>
         <run_address>0xb64</run_address>
         <size>0xaa</size>
         <input_file_ref idref="fl-2"/>
      </object_component>
      <object_component id="oc-33">
         <name>.debug_pubtypes</name>
         <load_address>0xc0e</load_address>
         <run_address>0xc0e</run_address>
         <size>0xed</size>
         <input_file_ref idref="fl-5"/>
      </object_component>
   </object_component_list>
   <logical_group_list>
      <logical_group id="lg-3" display="no" color="cyan">
         <name>.intvecs</name>
         <load_address>0x0</load_address>
         <run_address>0x0</run_address>
         <size>0xe4</size>
         <contents>
            <object_component_ref idref="oc-26"/>
         </contents>
      </logical_group>
      <logical_group id="lg-4" display="no" color="cyan">
         <name>.text</name>
         <load_address>0xe4</load_address>
         <run_address>0xe4</run_address>
         <size>0x5d6</size>
         <contents>
            <object_component_ref idref="oc-173"/>
            <object_component_ref idref="oc-e2"/>
            <object_component_ref idref="oc-d0"/>
            <object_component_ref idref="oc-99"/>
            <object_component_ref idref="oc-ab"/>
            <object_component_ref idref="oc-dc"/>
            <object_component_ref idref="oc-d6"/>
            <object_component_ref idref="oc-ca"/>
            <object_component_ref idref="oc-ee"/>
            <object_component_ref idref="oc-e8"/>
            <object_component_ref idref="oc-100"/>
            <object_component_ref idref="oc-4f"/>
            <object_component_ref idref="oc-fa"/>
            <object_component_ref idref="oc-10c"/>
            <object_component_ref idref="oc-106"/>
            <object_component_ref idref="oc-16c"/>
            <object_component_ref idref="oc-f4"/>
            <object_component_ref idref="oc-67"/>
            <object_component_ref idref="oc-93"/>
            <object_component_ref idref="oc-11d"/>
            <object_component_ref idref="oc-6d"/>
         </contents>
      </logical_group>
      <logical_group id="lg-5" display="no" color="cyan">
         <name>.const</name>
         <load_address>0x6bc</load_address>
         <run_address>0x6bc</run_address>
         <size>0xb0</size>
         <contents>
            <object_component_ref idref="oc-17a"/>
            <object_component_ref idref="oc-162"/>
         </contents>
      </logical_group>
      <logical_group id="lg-6" display="no" color="cyan">
         <name>.cinit</name>
         <run_address>0x0</run_address>
         <size>0x0</size>
         <contents>
         </contents>
      </logical_group>
      <logical_group id="lg-7" display="no" color="cyan">
         <name>.pinit</name>
         <run_address>0x0</run_address>
         <size>0x0</size>
         <contents>
         </contents>
      </logical_group>
      <logical_group id="lg-8" display="no" color="cyan">
         <name>.init_array</name>
         <run_address>0x0</run_address>
         <size>0x0</size>
         <contents>
         </contents>
      </logical_group>
      <logical_group id="lg-9" display="no" color="cyan">
         <name>.binit</name>
         <load_address>0x0</load_address>
         <run_address>0x0</run_address>
         <size>0x0</size>
         <contents>
            <object_component_ref idref="oc-1ed"/>
         </contents>
      </logical_group>
      <logical_group id="lg-a" display="no" color="cyan">
         <name>.flashMailbox</name>
         <run_address>0x0</run_address>
         <size>0x0</size>
         <contents>
         </contents>
      </logical_group>
      <logical_group id="lg-b" display="no" color="cyan">
         <name>.tlvTable</name>
         <run_address>0x0</run_address>
         <size>0x0</size>
         <contents>
         </contents>
      </logical_group>
      <logical_group id="lg-c" display="no" color="cyan">
         <name>.bslArea</name>
         <run_address>0x0</run_address>
         <size>0x0</size>
         <contents>
         </contents>
      </logical_group>
      <logical_group id="lg-d" display="no" color="cyan">
         <name>.vtable</name>
         <run_address>0x0</run_address>
         <size>0x0</size>
         <contents>
         </contents>
      </logical_group>
      <logical_group id="lg-e" display="no" color="cyan">
         <name>.data</name>
         <run_address>0x0</run_address>
         <size>0x0</size>
         <contents>
         </contents>
      </logical_group>
      <logical_group id="lg-f" display="no" color="cyan">
         <name>.bss</name>
         <run_address>0x0</run_address>
         <size>0x0</size>
         <contents>
         </contents>
      </logical_group>
      <logical_group id="lg-10" display="no" color="cyan">
         <name>.sysmem</name>
         <run_address>0x0</run_address>
         <size>0x0</size>
         <contents>
         </contents>
      </logical_group>
      <logical_group id="lg-11" display="no" color="cyan">
         <name>.stack</name>
         <run_address>0x2000fe00</run_address>
         <size>0x200</size>
         <contents>
            <object_component_ref idref="oc-29"/>
            <object_component_ref idref="oc-21b"/>
         </contents>
      </logical_group>
      <logical_group id="lg-12" display="no" color="cyan">
         <name>.TI.ramfunc</name>
         <run_address>0x0</run_address>
         <size>0x0</size>
         <contents>
         </contents>
      </logical_group>
      <logical_group id="lg-1ea" display="no" color="cyan">
         <name>.TI.noinit</name>
         <run_address>0x0</run_address>
         <size>0x0</size>
         <contents>
         </contents>
      </logical_group>
      <logical_group id="lg-1eb" display="no" color="cyan">
         <name>.TI.persistent</name>
         <run_address>0x0</run_address>
         <size>0x0</size>
         <contents>
         </contents>
      </logical_group>
      <logical_group id="lg-1ec" display="no" color="cyan">
         <name>__llvm_prf_cnts</name>
         <run_address>0x20000000</run_address>
         <size>0x0</size>
         <contents>
         </contents>
      </logical_group>
      <logical_group id="lg-201" display="never" color="cyan">
         <name>.debug_info</name>
         <load_address>0x0</load_address>
         <run_address>0x0</run_address>
         <size>0x84ed</size>
         <contents>
            <object_component_ref idref="oc-161"/>
            <object_component_ref idref="oc-17b"/>
            <object_component_ref idref="oc-175"/>
            <object_component_ref idref="oc-16e"/>
            <object_component_ref idref="oc-f5"/>
            <object_component_ref idref="oc-f0"/>
            <object_component_ref idref="oc-d8"/>
            <object_component_ref idref="oc-e9"/>
            <object_component_ref idref="oc-dd"/>
            <object_component_ref idref="oc-fb"/>
            <object_component_ref idref="oc-101"/>
            <object_component_ref idref="oc-107"/>
            <object_component_ref idref="oc-e3"/>
            <object_component_ref idref="oc-10d"/>
            <object_component_ref idref="oc-1a7"/>
            <object_component_ref idref="oc-b5"/>
            <object_component_ref idref="oc-1ac"/>
            <object_component_ref idref="oc-113"/>
            <object_component_ref idref="oc-15c"/>
            <object_component_ref idref="oc-166"/>
            <object_component_ref idref="oc-118"/>
            <object_component_ref idref="oc-32"/>
            <object_component_ref idref="oc-1b3"/>
            <object_component_ref idref="oc-163"/>
            <object_component_ref idref="oc-cb"/>
            <object_component_ref idref="oc-d1"/>
            <object_component_ref idref="oc-9b"/>
            <object_component_ref idref="oc-ae"/>
            <object_component_ref idref="oc-75"/>
            <object_component_ref idref="oc-27"/>
            <object_component_ref idref="oc-6a"/>
            <object_component_ref idref="oc-70"/>
            <object_component_ref idref="oc-2a"/>
            <object_component_ref idref="oc-51"/>
            <object_component_ref idref="oc-94"/>
            <object_component_ref idref="oc-11f"/>
            <object_component_ref idref="oc-21c"/>
         </contents>
      </logical_group>
      <logical_group id="lg-203" display="never" color="cyan">
         <name>.debug_line</name>
         <load_address>0x0</load_address>
         <run_address>0x0</run_address>
         <size>0xbd4</size>
         <contents>
            <object_component_ref idref="oc-1a6"/>
            <object_component_ref idref="oc-1b7"/>
            <object_component_ref idref="oc-174"/>
            <object_component_ref idref="oc-16d"/>
            <object_component_ref idref="oc-f8"/>
            <object_component_ref idref="oc-ef"/>
            <object_component_ref idref="oc-d7"/>
            <object_component_ref idref="oc-ec"/>
            <object_component_ref idref="oc-e0"/>
            <object_component_ref idref="oc-fe"/>
            <object_component_ref idref="oc-104"/>
            <object_component_ref idref="oc-10b"/>
            <object_component_ref idref="oc-e7"/>
            <object_component_ref idref="oc-110"/>
            <object_component_ref idref="oc-1aa"/>
            <object_component_ref idref="oc-b8"/>
            <object_component_ref idref="oc-1af"/>
            <object_component_ref idref="oc-116"/>
            <object_component_ref idref="oc-15f"/>
            <object_component_ref idref="oc-169"/>
            <object_component_ref idref="oc-11b"/>
            <object_component_ref idref="oc-35"/>
            <object_component_ref idref="oc-1da"/>
            <object_component_ref idref="oc-1b2"/>
            <object_component_ref idref="oc-ce"/>
            <object_component_ref idref="oc-d4"/>
            <object_component_ref idref="oc-9a"/>
            <object_component_ref idref="oc-ad"/>
            <object_component_ref idref="oc-b4"/>
            <object_component_ref idref="oc-74"/>
            <object_component_ref idref="oc-69"/>
            <object_component_ref idref="oc-6e"/>
            <object_component_ref idref="oc-77"/>
            <object_component_ref idref="oc-50"/>
            <object_component_ref idref="oc-97"/>
            <object_component_ref idref="oc-11e"/>
         </contents>
      </logical_group>
      <logical_group id="lg-205" display="never" color="cyan">
         <name>.debug_frame</name>
         <load_address>0x0</load_address>
         <run_address>0x0</run_address>
         <size>0x72c</size>
         <contents>
            <object_component_ref idref="oc-178"/>
            <object_component_ref idref="oc-171"/>
            <object_component_ref idref="oc-f9"/>
            <object_component_ref idref="oc-f3"/>
            <object_component_ref idref="oc-db"/>
            <object_component_ref idref="oc-ed"/>
            <object_component_ref idref="oc-e1"/>
            <object_component_ref idref="oc-ff"/>
            <object_component_ref idref="oc-105"/>
            <object_component_ref idref="oc-10a"/>
            <object_component_ref idref="oc-e6"/>
            <object_component_ref idref="oc-111"/>
            <object_component_ref idref="oc-cf"/>
            <object_component_ref idref="oc-d5"/>
            <object_component_ref idref="oc-9e"/>
            <object_component_ref idref="oc-ac"/>
            <object_component_ref idref="oc-68"/>
            <object_component_ref idref="oc-6f"/>
            <object_component_ref idref="oc-54"/>
            <object_component_ref idref="oc-98"/>
            <object_component_ref idref="oc-122"/>
         </contents>
      </logical_group>
      <logical_group id="lg-207" display="never" color="cyan">
         <name>.debug_abbrev</name>
         <load_address>0x0</load_address>
         <run_address>0x0</run_address>
         <size>0xd72</size>
         <contents>
            <object_component_ref idref="oc-1a5"/>
            <object_component_ref idref="oc-1b6"/>
            <object_component_ref idref="oc-1b5"/>
            <object_component_ref idref="oc-1b4"/>
            <object_component_ref idref="oc-180"/>
            <object_component_ref idref="oc-17f"/>
            <object_component_ref idref="oc-172"/>
            <object_component_ref idref="oc-17e"/>
            <object_component_ref idref="oc-179"/>
            <object_component_ref idref="oc-181"/>
            <object_component_ref idref="oc-182"/>
            <object_component_ref idref="oc-183"/>
            <object_component_ref idref="oc-17d"/>
            <object_component_ref idref="oc-184"/>
            <object_component_ref idref="oc-1a9"/>
            <object_component_ref idref="oc-b7"/>
            <object_component_ref idref="oc-1ae"/>
            <object_component_ref idref="oc-115"/>
            <object_component_ref idref="oc-15e"/>
            <object_component_ref idref="oc-168"/>
            <object_component_ref idref="oc-11a"/>
            <object_component_ref idref="oc-34"/>
            <object_component_ref idref="oc-1d9"/>
            <object_component_ref idref="oc-1b1"/>
            <object_component_ref idref="oc-165"/>
            <object_component_ref idref="oc-16b"/>
            <object_component_ref idref="oc-112"/>
            <object_component_ref idref="oc-15b"/>
            <object_component_ref idref="oc-b3"/>
            <object_component_ref idref="oc-73"/>
            <object_component_ref idref="oc-b1"/>
            <object_component_ref idref="oc-b2"/>
            <object_component_ref idref="oc-76"/>
            <object_component_ref idref="oc-a0"/>
            <object_component_ref idref="oc-c9"/>
            <object_component_ref idref="oc-185"/>
            <object_component_ref idref="oc-21d"/>
         </contents>
      </logical_group>
      <logical_group id="lg-209" display="never" color="cyan">
         <name>.debug_str</name>
         <load_address>0x0</load_address>
         <run_address>0x0</run_address>
         <size>0x2559</size>
         <contents>
            <object_component_ref idref="oc-1ab"/>
            <object_component_ref idref="oc-b9"/>
            <object_component_ref idref="oc-1b0"/>
            <object_component_ref idref="oc-117"/>
            <object_component_ref idref="oc-160"/>
            <object_component_ref idref="oc-16a"/>
            <object_component_ref idref="oc-11c"/>
            <object_component_ref idref="oc-36"/>
         </contents>
      </logical_group>
      <logical_group id="lg-20b" display="never" color="cyan">
         <name>.debug_aranges</name>
         <load_address>0x0</load_address>
         <run_address>0x0</run_address>
         <size>0x2a0</size>
         <contents>
            <object_component_ref idref="oc-176"/>
            <object_component_ref idref="oc-16f"/>
            <object_component_ref idref="oc-f6"/>
            <object_component_ref idref="oc-f1"/>
            <object_component_ref idref="oc-da"/>
            <object_component_ref idref="oc-ea"/>
            <object_component_ref idref="oc-df"/>
            <object_component_ref idref="oc-fc"/>
            <object_component_ref idref="oc-103"/>
            <object_component_ref idref="oc-108"/>
            <object_component_ref idref="oc-e4"/>
            <object_component_ref idref="oc-10e"/>
            <object_component_ref idref="oc-cc"/>
            <object_component_ref idref="oc-d3"/>
            <object_component_ref idref="oc-9c"/>
            <object_component_ref idref="oc-af"/>
            <object_component_ref idref="oc-6b"/>
            <object_component_ref idref="oc-72"/>
            <object_component_ref idref="oc-53"/>
            <object_component_ref idref="oc-95"/>
            <object_component_ref idref="oc-121"/>
         </contents>
      </logical_group>
      <logical_group id="lg-20d" display="never" color="cyan">
         <name>.debug_pubnames</name>
         <load_address>0x0</load_address>
         <run_address>0x0</run_address>
         <size>0x40a</size>
         <contents>
            <object_component_ref idref="oc-17c"/>
            <object_component_ref idref="oc-177"/>
            <object_component_ref idref="oc-170"/>
            <object_component_ref idref="oc-f7"/>
            <object_component_ref idref="oc-f2"/>
            <object_component_ref idref="oc-d9"/>
            <object_component_ref idref="oc-eb"/>
            <object_component_ref idref="oc-de"/>
            <object_component_ref idref="oc-fd"/>
            <object_component_ref idref="oc-102"/>
            <object_component_ref idref="oc-109"/>
            <object_component_ref idref="oc-e5"/>
            <object_component_ref idref="oc-10f"/>
            <object_component_ref idref="oc-164"/>
            <object_component_ref idref="oc-cd"/>
            <object_component_ref idref="oc-d2"/>
            <object_component_ref idref="oc-9d"/>
            <object_component_ref idref="oc-b0"/>
            <object_component_ref idref="oc-28"/>
            <object_component_ref idref="oc-6c"/>
            <object_component_ref idref="oc-71"/>
            <object_component_ref idref="oc-2b"/>
            <object_component_ref idref="oc-52"/>
            <object_component_ref idref="oc-96"/>
            <object_component_ref idref="oc-120"/>
         </contents>
      </logical_group>
      <logical_group id="lg-20f" display="never" color="cyan">
         <name>.debug_pubtypes</name>
         <load_address>0x0</load_address>
         <run_address>0x0</run_address>
         <size>0xcfb</size>
         <contents>
            <object_component_ref idref="oc-1a8"/>
            <object_component_ref idref="oc-b6"/>
            <object_component_ref idref="oc-1ad"/>
            <object_component_ref idref="oc-114"/>
            <object_component_ref idref="oc-15d"/>
            <object_component_ref idref="oc-167"/>
            <object_component_ref idref="oc-119"/>
            <object_component_ref idref="oc-33"/>
         </contents>
      </logical_group>
      <logical_group id="lg-21a" display="no" color="cyan">
         <name>Veneer$$CMSE</name>
         <run_address>0x0</run_address>
         <size>0x0</size>
         <contents>
         </contents>
      </logical_group>
      <load_segment id="lg-21e" display="no" color="cyan">
         <name>SEGMENT_0</name>
         <load_address>0x0</load_address>
         <run_address>0x0</run_address>
         <size>0x76c</size>
         <flags>0x5</flags>
         <contents>
            <logical_group_ref idref="lg-3"/>
            <logical_group_ref idref="lg-4"/>
            <logical_group_ref idref="lg-5"/>
         </contents>
      </load_segment>
      <load_segment id="lg-21f" display="no" color="cyan">
         <name>SEGMENT_1</name>
         <run_address>0x2000fe00</run_address>
         <size>0x200</size>
         <flags>0x6</flags>
         <contents>
            <logical_group_ref idref="lg-11"/>
         </contents>
      </load_segment>
   </logical_group_list>
   <placement_map>
      <memory_area display="yes" color="green">
         <name>MAIN</name>
         <page_id>0x0</page_id>
         <origin>0x0</origin>
         <length>0x40000</length>
         <used_space>0x76a</used_space>
         <unused_space>0x3f896</unused_space>
         <attributes>RX</attributes>
         <usage_details>
            <allocated_space>
               <start_address>0x0</start_address>
               <size>0x0</size>
               <logical_group_ref idref="lg-9"/>
            </allocated_space>
            <allocated_space>
               <start_address>0x0</start_address>
               <size>0xe4</size>
               <logical_group_ref idref="lg-3"/>
            </allocated_space>
            <allocated_space>
               <start_address>0xe4</start_address>
               <size>0x5d6</size>
               <logical_group_ref idref="lg-4"/>
            </allocated_space>
            <available_space>
               <start_address>0x6ba</start_address>
               <size>0x2</size>
            </available_space>
            <allocated_space>
               <start_address>0x6bc</start_address>
               <size>0xb0</size>
               <logical_group_ref idref="lg-5"/>
            </allocated_space>
            <available_space>
               <start_address>0x76c</start_address>
               <size>0x3f894</size>
            </available_space>
         </usage_details>
      </memory_area>
      <memory_area display="yes" color="green">
         <name>INFO</name>
         <page_id>0x0</page_id>
         <origin>0x200000</origin>
         <length>0x4000</length>
         <used_space>0x0</used_space>
         <unused_space>0x4000</unused_space>
         <attributes>RX</attributes>
         <usage_details>
         </usage_details>
      </memory_area>
      <memory_area display="yes" color="green">
         <name>SRAM_CODE</name>
         <page_id>0x0</page_id>
         <origin>0x1000000</origin>
         <length>0x10000</length>
         <used_space>0x200</used_space>
         <unused_space>0xfe00</unused_space>
         <attributes>RWX</attributes>
         <usage_details>
            <allocated_space>
               <start_address>0x1000000</start_address>
               <size>0x0</size>
               <logical_group_ref idref="lg-1ec"/>
            </allocated_space>
            <available_space>
               <start_address>0x1000000</start_address>
               <size>0xfe00</size>
            </available_space>
            <allocated_space>
               <start_address>0x100fe00</start_address>
               <size>0x200</size>
               <logical_group_ref idref="lg-11"/>
            </allocated_space>
         </usage_details>
      </memory_area>
      <memory_area display="yes" color="green">
         <name>SRAM_DATA</name>
         <page_id>0x0</page_id>
         <origin>0x20000000</origin>
         <length>0x10000</length>
         <used_space>0x200</used_space>
         <unused_space>0xfe00</unused_space>
         <attributes>RW</attributes>
         <usage_details>
            <allocated_space>
               <start_address>0x20000000</start_address>
               <size>0x0</size>
               <logical_group_ref idref="lg-1ec"/>
            </allocated_space>
            <available_space>
               <start_address>0x20000000</start_address>
               <size>0xfe00</size>
            </available_space>
            <allocated_space>
               <start_address>0x2000fe00</start_address>
               <size>0x200</size>
               <logical_group_ref idref="lg-11"/>
            </allocated_space>
         </usage_details>
      </memory_area>
   </placement_map>
   <symbol_table>
      <symbol id="sm-1">
         <name>WDTCTL_SYM</name>
         <value>0x4000480c</value>
      </symbol>
      <symbol id="sm-2">
         <name>__start___llvm_prf_cnts</name>
         <value>0x20000000</value>
      </symbol>
      <symbol id="sm-3">
         <name>__stop___llvm_prf_cnts</name>
         <value>0x20000000</value>
      </symbol>
      <symbol id="sm-4">
         <name>binit</name>
         <value>0xffffffff</value>
      </symbol>
      <symbol id="sm-5">
         <name>__binit__</name>
         <value>0xffffffff</value>
      </symbol>
      <symbol id="sm-6">
         <name>__STACK_SIZE</name>
         <value>0x200</value>
      </symbol>
      <symbol id="sm-7">
         <name>__STACK_END</name>
         <value>0x20010000</value>
      </symbol>
      <symbol id="sm-8">
         <name>__c_args__</name>
         <value>0xffffffff</value>
      </symbol>
      <symbol id="sm-9">
         <name>__TI_pprof_out_hndl</name>
         <value>0xffffffff</value>
      </symbol>
      <symbol id="sm-a">
         <name>__TI_prof_data_start</name>
         <value>0xffffffff</value>
      </symbol>
      <symbol id="sm-b">
         <name>__TI_prof_data_size</name>
         <value>0xffffffff</value>
      </symbol>
      <symbol id="sm-c">
         <name>__TI_static_base__</name>
         <value>0x0</value>
      </symbol>
      <symbol id="sm-11e">
         <name>ADC14_configureSingleSampleMode</name>
         <value>0x481</value>
         <object_component_ref idref="oc-dc"/>
      </symbol>
      <symbol id="sm-11f">
         <name>ADC14_enableSampleTimer</name>
         <value>0x56d</value>
         <object_component_ref idref="oc-ee"/>
      </symbol>
      <symbol id="sm-120">
         <name>ADC14_enableConversion</name>
         <value>0x629</value>
         <object_component_ref idref="oc-fa"/>
      </symbol>
      <symbol id="sm-121">
         <name>ADC14_toggleConversionTrigger</name>
         <value>0x5d1</value>
         <object_component_ref idref="oc-100"/>
      </symbol>
      <symbol id="sm-122">
         <name>ADC14_isBusy</name>
         <value>0x679</value>
         <object_component_ref idref="oc-106"/>
      </symbol>
      <symbol id="sm-123">
         <name>ADC14_setSampleHoldTime</name>
         <value>0x5a1</value>
         <object_component_ref idref="oc-e8"/>
      </symbol>
      <symbol id="sm-124">
         <name>ADC14_initModule</name>
         <value>0x4d9</value>
         <object_component_ref idref="oc-d6"/>
      </symbol>
      <symbol id="sm-125">
         <name>ADC14_configureConversionMemory</name>
         <value>0x245</value>
         <object_component_ref idref="oc-e2"/>
      </symbol>
      <symbol id="sm-126">
         <name>ADC14_enableModule</name>
         <value>0x699</value>
         <object_component_ref idref="oc-f4"/>
      </symbol>
      <symbol id="sm-127">
         <name>ADC14_getResult</name>
         <value>0x651</value>
         <object_component_ref idref="oc-10c"/>
      </symbol>
      <symbol id="sm-159">
         <name>GPIO_setAsOutputPin</name>
         <value>0x52d</value>
         <object_component_ref idref="oc-ca"/>
      </symbol>
      <symbol id="sm-15a">
         <name>GPIO_setAsPeripheralModuleFunctionInputPin</name>
         <value>0x2f9</value>
         <object_component_ref idref="oc-d0"/>
      </symbol>
      <symbol id="sm-16a">
         <name>main</name>
         <value>0x381</value>
         <object_component_ref idref="oc-99"/>
      </symbol>
      <symbol id="sm-186">
         <name>SystemInit</name>
         <value>0x409</value>
         <object_component_ref idref="oc-ab"/>
      </symbol>
      <symbol id="sm-1a7">
         <name>Reset_Handler</name>
         <value>0x6a5</value>
         <object_component_ref idref="oc-67"/>
      </symbol>
      <symbol id="sm-1a8">
         <name>Default_Handler</name>
         <value>0x6b9</value>
         <object_component_ref idref="oc-6d"/>
      </symbol>
      <symbol id="sm-1a9">
         <name>interruptVectors</name>
         <value>0x0</value>
         <object_component_ref idref="oc-26"/>
      </symbol>
      <symbol id="sm-1bf">
         <name>_c_int00_noinit_noargs</name>
         <value>0x5fd</value>
         <object_component_ref idref="oc-4f"/>
      </symbol>
      <symbol id="sm-1c0">
         <name>__stack</name>
         <value>0x2000fe00</value>
         <object_component_ref idref="oc-29"/>
      </symbol>
      <symbol id="sm-1cd">
         <name>_system_pre_init</name>
         <value>0x6b1</value>
         <object_component_ref idref="oc-93"/>
      </symbol>
      <symbol id="sm-1d9">
         <name>C$$EXIT</name>
         <value>0x6b5</value>
         <object_component_ref idref="oc-11d"/>
      </symbol>
      <symbol id="sm-1da">
         <name>abort</name>
         <value>0x6b5</value>
         <object_component_ref idref="oc-11d"/>
      </symbol>
      <symbol id="sm-1dd">
         <name>__mpu_init</name>
         <value>0x0</value>
      </symbol>
      <symbol id="sm-1de">
         <name>NMI_Handler</name>
         <value>0x6b9</value>
      </symbol>
      <symbol id="sm-1df">
         <name>HardFault_Handler</name>
         <value>0x6b9</value>
      </symbol>
      <symbol id="sm-1e0">
         <name>MemManage_Handler</name>
         <value>0x6b9</value>
      </symbol>
      <symbol id="sm-1e1">
         <name>BusFault_Handler</name>
         <value>0x6b9</value>
      </symbol>
      <symbol id="sm-1e2">
         <name>UsageFault_Handler</name>
         <value>0x6b9</value>
      </symbol>
      <symbol id="sm-1e3">
         <name>SVC_Handler</name>
         <value>0x6b9</value>
      </symbol>
      <symbol id="sm-1e4">
         <name>DebugMon_Handler</name>
         <value>0x6b9</value>
      </symbol>
      <symbol id="sm-1e5">
         <name>PendSV_Handler</name>
         <value>0x6b9</value>
      </symbol>
      <symbol id="sm-1e6">
         <name>SysTick_Handler</name>
         <value>0x6b9</value>
      </symbol>
      <symbol id="sm-1e7">
         <name>PSS_IRQHandler</name>
         <value>0x6b9</value>
      </symbol>
      <symbol id="sm-1e8">
         <name>CS_IRQHandler</name>
         <value>0x6b9</value>
      </symbol>
      <symbol id="sm-1e9">
         <name>PCM_IRQHandler</name>
         <value>0x6b9</value>
      </symbol>
      <symbol id="sm-1ea">
         <name>WDT_A_IRQHandler</name>
         <value>0x6b9</value>
      </symbol>
      <symbol id="sm-1eb">
         <name>FPU_IRQHandler</name>
         <value>0x6b9</value>
      </symbol>
      <symbol id="sm-1ec">
         <name>FLCTL_IRQHandler</name>
         <value>0x6b9</value>
      </symbol>
      <symbol id="sm-1ed">
         <name>COMP_E0_IRQHandler</name>
         <value>0x6b9</value>
      </symbol>
      <symbol id="sm-1ee">
         <name>COMP_E1_IRQHandler</name>
         <value>0x6b9</value>
      </symbol>
      <symbol id="sm-1ef">
         <name>TA0_0_IRQHandler</name>
         <value>0x6b9</value>
      </symbol>
      <symbol id="sm-1f0">
         <name>TA0_N_IRQHandler</name>
         <value>0x6b9</value>
      </symbol>
      <symbol id="sm-1f1">
         <name>TA1_0_IRQHandler</name>
         <value>0x6b9</value>
      </symbol>
      <symbol id="sm-1f2">
         <name>TA1_N_IRQHandler</name>
         <value>0x6b9</value>
      </symbol>
      <symbol id="sm-1f3">
         <name>TA2_0_IRQHandler</name>
         <value>0x6b9</value>
      </symbol>
      <symbol id="sm-1f4">
         <name>TA2_N_IRQHandler</name>
         <value>0x6b9</value>
      </symbol>
      <symbol id="sm-1f5">
         <name>TA3_0_IRQHandler</name>
         <value>0x6b9</value>
      </symbol>
      <symbol id="sm-1f6">
         <name>TA3_N_IRQHandler</name>
         <value>0x6b9</value>
      </symbol>
      <symbol id="sm-1f7">
         <name>EUSCIA0_IRQHandler</name>
         <value>0x6b9</value>
      </symbol>
      <symbol id="sm-1f8">
         <name>EUSCIA1_IRQHandler</name>
         <value>0x6b9</value>
      </symbol>
      <symbol id="sm-1f9">
         <name>EUSCIA2_IRQHandler</name>
         <value>0x6b9</value>
      </symbol>
      <symbol id="sm-1fa">
         <name>EUSCIA3_IRQHandler</name>
         <value>0x6b9</value>
      </symbol>
      <symbol id="sm-1fb">
         <name>EUSCIB0_IRQHandler</name>
         <value>0x6b9</value>
      </symbol>
      <symbol id="sm-1fc">
         <name>EUSCIB1_IRQHandler</name>
         <value>0x6b9</value>
      </symbol>
      <symbol id="sm-1fd">
         <name>EUSCIB2_IRQHandler</name>
         <value>0x6b9</value>
      </symbol>
      <symbol id="sm-1fe">
         <name>EUSCIB3_IRQHandler</name>
         <value>0x6b9</value>
      </symbol>
      <symbol id="sm-1ff">
         <name>ADC14_IRQHandler</name>
         <value>0x6b9</value>
      </symbol>
      <symbol id="sm-200">
         <name>T32_INT1_IRQHandler</name>
         <value>0x6b9</value>
      </symbol>
      <symbol id="sm-201">
         <name>T32_INT2_IRQHandler</name>
         <value>0x6b9</value>
      </symbol>
      <symbol id="sm-202">
         <name>T32_INTC_IRQHandler</name>
         <value>0x6b9</value>
      </symbol>
      <symbol id="sm-203">
         <name>AES256_IRQHandler</name>
         <value>0x6b9</value>
      </symbol>
      <symbol id="sm-204">
         <name>RTC_C_IRQHandler</name>
         <value>0x6b9</value>
      </symbol>
      <symbol id="sm-205">
         <name>DMA_ERR_IRQHandler</name>
         <value>0x6b9</value>
      </symbol>
      <symbol id="sm-206">
         <name>DMA_INT3_IRQHandler</name>
         <value>0x6b9</value>
      </symbol>
      <symbol id="sm-207">
         <name>DMA_INT2_IRQHandler</name>
         <value>0x6b9</value>
      </symbol>
      <symbol id="sm-208">
         <name>DMA_INT1_IRQHandler</name>
         <value>0x6b9</value>
      </symbol>
      <symbol id="sm-209">
         <name>DMA_INT0_IRQHandler</name>
         <value>0x6b9</value>
      </symbol>
      <symbol id="sm-20a">
         <name>PORT1_IRQHandler</name>
         <value>0x6b9</value>
      </symbol>
      <symbol id="sm-20b">
         <name>PORT2_IRQHandler</name>
         <value>0x6b9</value>
      </symbol>
      <symbol id="sm-20c">
         <name>PORT3_IRQHandler</name>
         <value>0x6b9</value>
      </symbol>
      <symbol id="sm-20d">
         <name>PORT4_IRQHandler</name>
         <value>0x6b9</value>
      </symbol>
      <symbol id="sm-20e">
         <name>PORT5_IRQHandler</name>
         <value>0x6b9</value>
      </symbol>
      <symbol id="sm-20f">
         <name>PORT6_IRQHandler</name>
         <value>0x6b9</value>
      </symbol>
   </symbol_table>
   <title>Link successful</title>
</link_info>
