<?xml version="1.0" encoding="ISO-8859-1" ?>
<link_info>
   <banner>TI ARM Linker PC v20.2.5.LTS</banner>
   <copyright>Copyright (c) 1996-2018 Texas Instruments Incorporated</copyright>
   <link_time>0x633d9917</link_time>
   <link_errors>0x0</link_errors>
   <output_file>driverlib_empty_project_from_source_MSP_EXP432P4111_nortos_ccs.out</output_file>
   <entry_point>
      <name>_c_int00_noinit_noargs</name>
      <address>0x221</address>
   </entry_point>
   <input_file_list>
      <input_file id="fl-2">
         <path>.\</path>
         <kind>object</kind>
         <file>adc14.obj</file>
         <name>adc14.obj</name>
      </input_file>
      <input_file id="fl-3">
         <path>.\</path>
         <kind>object</kind>
         <file>aes256.obj</file>
         <name>aes256.obj</name>
      </input_file>
      <input_file id="fl-4">
         <path>.\</path>
         <kind>object</kind>
         <file>comp_e.obj</file>
         <name>comp_e.obj</name>
      </input_file>
      <input_file id="fl-5">
         <path>.\</path>
         <kind>object</kind>
         <file>cpu.obj</file>
         <name>cpu.obj</name>
      </input_file>
      <input_file id="fl-6">
         <path>.\</path>
         <kind>object</kind>
         <file>crc32.obj</file>
         <name>crc32.obj</name>
      </input_file>
      <input_file id="fl-7">
         <path>.\</path>
         <kind>object</kind>
         <file>cs.obj</file>
         <name>cs.obj</name>
      </input_file>
      <input_file id="fl-8">
         <path>.\</path>
         <kind>object</kind>
         <file>dma.obj</file>
         <name>dma.obj</name>
      </input_file>
      <input_file id="fl-9">
         <path>.\</path>
         <kind>object</kind>
         <file>flash_a.obj</file>
         <name>flash_a.obj</name>
      </input_file>
      <input_file id="fl-a">
         <path>.\</path>
         <kind>object</kind>
         <file>fpu.obj</file>
         <name>fpu.obj</name>
      </input_file>
      <input_file id="fl-b">
         <path>.\</path>
         <kind>object</kind>
         <file>gpio.obj</file>
         <name>gpio.obj</name>
      </input_file>
      <input_file id="fl-c">
         <path>.\</path>
         <kind>object</kind>
         <file>i2c.obj</file>
         <name>i2c.obj</name>
      </input_file>
      <input_file id="fl-d">
         <path>.\</path>
         <kind>object</kind>
         <file>interrupt.obj</file>
         <name>interrupt.obj</name>
      </input_file>
      <input_file id="fl-e">
         <path>.\</path>
         <kind>object</kind>
         <file>lcd_f.obj</file>
         <name>lcd_f.obj</name>
      </input_file>
      <input_file id="fl-f">
         <path>.\</path>
         <kind>object</kind>
         <file>main.obj</file>
         <name>main.obj</name>
      </input_file>
      <input_file id="fl-10">
         <path>.\</path>
         <kind>object</kind>
         <file>mpu.obj</file>
         <name>mpu.obj</name>
      </input_file>
      <input_file id="fl-11">
         <path>.\</path>
         <kind>object</kind>
         <file>pcm.obj</file>
         <name>pcm.obj</name>
      </input_file>
      <input_file id="fl-12">
         <path>.\</path>
         <kind>object</kind>
         <file>pmap.obj</file>
         <name>pmap.obj</name>
      </input_file>
      <input_file id="fl-13">
         <path>.\</path>
         <kind>object</kind>
         <file>pss.obj</file>
         <name>pss.obj</name>
      </input_file>
      <input_file id="fl-14">
         <path>.\</path>
         <kind>object</kind>
         <file>ref_a.obj</file>
         <name>ref_a.obj</name>
      </input_file>
      <input_file id="fl-15">
         <path>.\</path>
         <kind>object</kind>
         <file>reset.obj</file>
         <name>reset.obj</name>
      </input_file>
      <input_file id="fl-16">
         <path>.\</path>
         <kind>object</kind>
         <file>rtc_c.obj</file>
         <name>rtc_c.obj</name>
      </input_file>
      <input_file id="fl-17">
         <path>.\</path>
         <kind>object</kind>
         <file>spi.obj</file>
         <name>spi.obj</name>
      </input_file>
      <input_file id="fl-18">
         <path>.\</path>
         <kind>object</kind>
         <file>sysctl_a.obj</file>
         <name>sysctl_a.obj</name>
      </input_file>
      <input_file id="fl-19">
         <path>.\</path>
         <kind>object</kind>
         <file>system_msp432p4111.obj</file>
         <name>system_msp432p4111.obj</name>
      </input_file>
      <input_file id="fl-1a">
         <path>.\</path>
         <kind>object</kind>
         <file>systick.obj</file>
         <name>systick.obj</name>
      </input_file>
      <input_file id="fl-1b">
         <path>.\</path>
         <kind>object</kind>
         <file>timer32.obj</file>
         <name>timer32.obj</name>
      </input_file>
      <input_file id="fl-1c">
         <path>.\</path>
         <kind>object</kind>
         <file>timer_a.obj</file>
         <name>timer_a.obj</name>
      </input_file>
      <input_file id="fl-1d">
         <path>.\</path>
         <kind>object</kind>
         <file>uart.obj</file>
         <name>uart.obj</name>
      </input_file>
      <input_file id="fl-1e">
         <path>.\</path>
         <kind>object</kind>
         <file>wdt_a.obj</file>
         <name>wdt_a.obj</name>
      </input_file>
      <input_file id="fl-1f">
         <path>.\ccs\</path>
         <kind>object</kind>
         <file>startup_msp432p4111_ccs.obj</file>
         <name>startup_msp432p4111_ccs.obj</name>
      </input_file>
      <input_file id="fl-29">
         <kind>object</kind>
         <file>&lt;internal&gt;</file>
         <name>&lt;internal&gt;</name>
      </input_file>
      <input_file id="fl-df">
         <path>C:\ti\ccs1120\ccs\tools\compiler\ti-cgt-arm_20.2.5.LTS\lib\</path>
         <kind>archive</kind>
         <file>rtsv7M4_T_le_v4SPD16_eabi.lib</file>
         <name>copy_zero_init.c.obj</name>
      </input_file>
      <input_file id="fl-e0">
         <path>C:\ti\ccs1120\ccs\tools\compiler\ti-cgt-arm_20.2.5.LTS\lib\</path>
         <kind>archive</kind>
         <file>rtsv7M4_T_le_v4SPD16_eabi.lib</file>
         <name>copy_decompress_none.c.obj</name>
      </input_file>
      <input_file id="fl-e1">
         <path>C:\ti\ccs1120\ccs\tools\compiler\ti-cgt-arm_20.2.5.LTS\lib\</path>
         <kind>archive</kind>
         <file>rtsv7M4_T_le_v4SPD16_eabi.lib</file>
         <name>copy_decompress_lzss.c.obj</name>
      </input_file>
      <input_file id="fl-e2">
         <path>C:\ti\ccs1120\ccs\tools\compiler\ti-cgt-arm_20.2.5.LTS\lib\</path>
         <kind>archive</kind>
         <file>rtsv7M4_T_le_v4SPD16_eabi.lib</file>
         <name>boot_cortex_m.c.obj</name>
      </input_file>
      <input_file id="fl-e3">
         <path>C:\ti\ccs1120\ccs\tools\compiler\ti-cgt-arm_20.2.5.LTS\lib\</path>
         <kind>archive</kind>
         <file>rtsv7M4_T_le_v4SPD16_eabi.lib</file>
         <name>memcpy_t2.asm.obj</name>
      </input_file>
      <input_file id="fl-e4">
         <path>C:\ti\ccs1120\ccs\tools\compiler\ti-cgt-arm_20.2.5.LTS\lib\</path>
         <kind>archive</kind>
         <file>rtsv7M4_T_le_v4SPD16_eabi.lib</file>
         <name>memset_t2.asm.obj</name>
      </input_file>
      <input_file id="fl-e5">
         <path>C:\ti\ccs1120\ccs\tools\compiler\ti-cgt-arm_20.2.5.LTS\lib\</path>
         <kind>archive</kind>
         <file>rtsv7M4_T_le_v4SPD16_eabi.lib</file>
         <name>autoinit.c.obj</name>
      </input_file>
      <input_file id="fl-e6">
         <path>C:\ti\ccs1120\ccs\tools\compiler\ti-cgt-arm_20.2.5.LTS\lib\</path>
         <kind>archive</kind>
         <file>rtsv7M4_T_le_v4SPD16_eabi.lib</file>
         <name>pre_init.c.obj</name>
      </input_file>
      <input_file id="fl-e7">
         <path>C:\ti\ccs1120\ccs\tools\compiler\ti-cgt-arm_20.2.5.LTS\lib\</path>
         <kind>archive</kind>
         <file>rtsv7M4_T_le_v4SPD16_eabi.lib</file>
         <name>cpy_tbl.c.obj</name>
      </input_file>
      <input_file id="fl-e8">
         <path>C:\ti\ccs1120\ccs\tools\compiler\ti-cgt-arm_20.2.5.LTS\lib\</path>
         <kind>archive</kind>
         <file>rtsv7M4_T_le_v4SPD16_eabi.lib</file>
         <name>exit.c.obj</name>
      </input_file>
      <input_file id="fl-e9">
         <path>C:\ti\ccs1120\ccs\tools\compiler\ti-cgt-arm_20.2.5.LTS\lib\</path>
         <kind>archive</kind>
         <file>rtsv7M4_T_le_v4SPD16_eabi.lib</file>
         <name>_lock.c.obj</name>
      </input_file>
      <input_file id="fl-ea">
         <path>C:\ti\ccs1120\ccs\tools\compiler\ti-cgt-arm_20.2.5.LTS\lib\</path>
         <kind>archive</kind>
         <file>rtsv7M4_T_le_v4SPD16_eabi.lib</file>
         <name>args_main.c.obj</name>
      </input_file>
   </input_file_list>
   <object_component_list>
      <object_component id="oc-26">
         <name>.intvecs:retain</name>
         <load_address>0x0</load_address>
         <run_address>0x0</run_address>
         <size>0xe8</size>
         <input_file_ref idref="fl-1f"/>
      </object_component>
      <object_component id="oc-ab">
         <name>.text:SystemInit</name>
         <load_address>0xe8</load_address>
         <run_address>0xe8</run_address>
         <size>0x94</size>
         <input_file_ref idref="fl-19"/>
      </object_component>
      <object_component id="oc-99">
         <name>.text:main</name>
         <load_address>0x17c</load_address>
         <run_address>0x17c</run_address>
         <size>0x64</size>
         <input_file_ref idref="fl-f"/>
      </object_component>
      <object_component id="oc-ca">
         <name>.text:GPIO_setAsOutputPin</name>
         <load_address>0x1e0</load_address>
         <run_address>0x1e0</run_address>
         <size>0x40</size>
         <input_file_ref idref="fl-b"/>
      </object_component>
      <object_component id="oc-4f">
         <name>.text:_c_int00_noinit_noargs:_c_int00_noinit_noargs</name>
         <load_address>0x220</load_address>
         <run_address>0x220</run_address>
         <size>0x2c</size>
         <input_file_ref idref="fl-e2"/>
      </object_component>
      <object_component id="oc-d0">
         <name>.text:GPIO_setOutputHighOnPin</name>
         <load_address>0x24c</load_address>
         <run_address>0x24c</run_address>
         <size>0x28</size>
         <input_file_ref idref="fl-b"/>
      </object_component>
      <object_component id="oc-d6">
         <name>.text:GPIO_setOutputLowOnPin</name>
         <load_address>0x274</load_address>
         <run_address>0x274</run_address>
         <size>0x28</size>
         <input_file_ref idref="fl-b"/>
      </object_component>
      <object_component id="oc-67">
         <name>.text:Reset_Handler</name>
         <load_address>0x29c</load_address>
         <run_address>0x29c</run_address>
         <size>0xc</size>
         <input_file_ref idref="fl-1f"/>
      </object_component>
      <object_component id="oc-93">
         <name>.text:_system_pre_init</name>
         <load_address>0x2a8</load_address>
         <run_address>0x2a8</run_address>
         <size>0x4</size>
         <input_file_ref idref="fl-e6"/>
      </object_component>
      <object_component id="oc-dd">
         <name>.text:abort:abort</name>
         <load_address>0x2ac</load_address>
         <run_address>0x2ac</run_address>
         <size>0x4</size>
         <input_file_ref idref="fl-e8"/>
      </object_component>
      <object_component id="oc-6d">
         <name>.text:Default_Handler</name>
         <load_address>0x2b0</load_address>
         <run_address>0x2b0</run_address>
         <size>0x2</size>
         <input_file_ref idref="fl-1f"/>
      </object_component>
      <object_component id="oc-127">
         <name>.const:GPIO_PORT_TO_BASE</name>
         <load_address>0x2b4</load_address>
         <run_address>0x2b4</run_address>
         <size>0x30</size>
         <input_file_ref idref="fl-b"/>
      </object_component>
      <object_component id="oc-19b">
         <name>.binit</name>
         <load_address>0x0</load_address>
         <run_address>0x0</run_address>
         <size>0x0</size>
      </object_component>
      <object_component id="oc-29">
         <name>.stack</name>
         <uninitialized>true</uninitialized>
         <run_address>0x2003fe00</run_address>
         <size>0x4</size>
         <input_file_ref idref="fl-e2"/>
      </object_component>
      <object_component id="oc-1c9">
         <name>.stack</name>
         <uninitialized>true</uninitialized>
         <run_address>0x2003fe00</run_address>
         <size>0x0</size>
      </object_component>
      <object_component id="oc-126">
         <name>.debug_info</name>
         <load_address>0x0</load_address>
         <run_address>0x0</run_address>
         <size>0x6e5</size>
         <input_file_ref idref="fl-2"/>
      </object_component>
      <object_component id="oc-159">
         <name>.debug_info</name>
         <load_address>0x6e5</load_address>
         <run_address>0x6e5</run_address>
         <size>0x3c27</size>
         <input_file_ref idref="fl-2"/>
      </object_component>
      <object_component id="oc-b5">
         <name>.debug_info</name>
         <load_address>0x430c</load_address>
         <run_address>0x430c</run_address>
         <size>0x26b</size>
         <input_file_ref idref="fl-2"/>
      </object_component>
      <object_component id="oc-15e">
         <name>.debug_info</name>
         <load_address>0x4577</load_address>
         <run_address>0x4577</run_address>
         <size>0x1028</size>
         <input_file_ref idref="fl-2"/>
      </object_component>
      <object_component id="oc-121">
         <name>.debug_info</name>
         <load_address>0x559f</load_address>
         <run_address>0x559f</run_address>
         <size>0x8b</size>
         <input_file_ref idref="fl-2"/>
      </object_component>
      <object_component id="oc-11c">
         <name>.debug_info</name>
         <load_address>0x562a</load_address>
         <run_address>0x562a</run_address>
         <size>0x2a4</size>
         <input_file_ref idref="fl-2"/>
      </object_component>
      <object_component id="oc-12b">
         <name>.debug_info</name>
         <load_address>0x58ce</load_address>
         <run_address>0x58ce</run_address>
         <size>0xef</size>
         <input_file_ref idref="fl-2"/>
      </object_component>
      <object_component id="oc-130">
         <name>.debug_info</name>
         <load_address>0x59bd</load_address>
         <run_address>0x59bd</run_address>
         <size>0xbb</size>
         <input_file_ref idref="fl-2"/>
      </object_component>
      <object_component id="oc-32">
         <name>.debug_info</name>
         <load_address>0x5a78</load_address>
         <run_address>0x5a78</run_address>
         <size>0x84</size>
         <input_file_ref idref="fl-5"/>
      </object_component>
      <object_component id="oc-165">
         <name>.debug_info</name>
         <load_address>0x5afc</load_address>
         <run_address>0x5afc</run_address>
         <size>0x6e0</size>
         <input_file_ref idref="fl-b"/>
      </object_component>
      <object_component id="oc-128">
         <name>.debug_info</name>
         <load_address>0x61dc</load_address>
         <run_address>0x61dc</run_address>
         <size>0x114</size>
         <input_file_ref idref="fl-b"/>
      </object_component>
      <object_component id="oc-cc">
         <name>.debug_info</name>
         <load_address>0x62f0</load_address>
         <run_address>0x62f0</run_address>
         <size>0x1e9</size>
         <input_file_ref idref="fl-b"/>
      </object_component>
      <object_component id="oc-d1">
         <name>.debug_info</name>
         <load_address>0x64d9</load_address>
         <run_address>0x64d9</run_address>
         <size>0x1f1</size>
         <input_file_ref idref="fl-b"/>
      </object_component>
      <object_component id="oc-d7">
         <name>.debug_info</name>
         <load_address>0x66ca</load_address>
         <run_address>0x66ca</run_address>
         <size>0x1ef</size>
         <input_file_ref idref="fl-b"/>
      </object_component>
      <object_component id="oc-9c">
         <name>.debug_info</name>
         <load_address>0x68b9</load_address>
         <run_address>0x68b9</run_address>
         <size>0x18b</size>
         <input_file_ref idref="fl-f"/>
      </object_component>
      <object_component id="oc-ae">
         <name>.debug_info</name>
         <load_address>0x6a44</load_address>
         <run_address>0x6a44</run_address>
         <size>0x15e</size>
         <input_file_ref idref="fl-19"/>
      </object_component>
      <object_component id="oc-75">
         <name>.debug_info</name>
         <load_address>0x6ba2</load_address>
         <run_address>0x6ba2</run_address>
         <size>0x2fe</size>
         <input_file_ref idref="fl-1f"/>
      </object_component>
      <object_component id="oc-27">
         <name>.debug_info</name>
         <load_address>0x6ea0</load_address>
         <run_address>0x6ea0</run_address>
         <size>0x12a</size>
         <input_file_ref idref="fl-1f"/>
      </object_component>
      <object_component id="oc-68">
         <name>.debug_info</name>
         <load_address>0x6fca</load_address>
         <run_address>0x6fca</run_address>
         <size>0x18d</size>
         <input_file_ref idref="fl-1f"/>
      </object_component>
      <object_component id="oc-6e">
         <name>.debug_info</name>
         <load_address>0x7157</load_address>
         <run_address>0x7157</run_address>
         <size>0x175</size>
         <input_file_ref idref="fl-1f"/>
      </object_component>
      <object_component id="oc-2a">
         <name>.debug_info</name>
         <load_address>0x72cc</load_address>
         <run_address>0x72cc</run_address>
         <size>0x10b</size>
         <input_file_ref idref="fl-e2"/>
      </object_component>
      <object_component id="oc-50">
         <name>.debug_info</name>
         <load_address>0x73d7</load_address>
         <run_address>0x73d7</run_address>
         <size>0x1a2</size>
         <input_file_ref idref="fl-e2"/>
      </object_component>
      <object_component id="oc-94">
         <name>.debug_info</name>
         <load_address>0x7579</load_address>
         <run_address>0x7579</run_address>
         <size>0x153</size>
         <input_file_ref idref="fl-e6"/>
      </object_component>
      <object_component id="oc-df">
         <name>.debug_info</name>
         <load_address>0x76cc</load_address>
         <run_address>0x76cc</run_address>
         <size>0x122</size>
         <input_file_ref idref="fl-e8"/>
      </object_component>
      <object_component id="oc-1ca">
         <name>.debug_info</name>
         <load_address>0x77ee</load_address>
         <run_address>0x77ee</run_address>
         <size>0xd2</size>
      </object_component>
      <object_component id="oc-158">
         <name>.debug_line</name>
         <load_address>0x0</load_address>
         <run_address>0x0</run_address>
         <size>0x7f</size>
         <input_file_ref idref="fl-2"/>
      </object_component>
      <object_component id="oc-15c">
         <name>.debug_line</name>
         <load_address>0x7f</load_address>
         <run_address>0x7f</run_address>
         <size>0x7b</size>
         <input_file_ref idref="fl-2"/>
      </object_component>
      <object_component id="oc-b8">
         <name>.debug_line</name>
         <load_address>0xfa</load_address>
         <run_address>0xfa</run_address>
         <size>0x6f</size>
         <input_file_ref idref="fl-2"/>
      </object_component>
      <object_component id="oc-161">
         <name>.debug_line</name>
         <load_address>0x169</load_address>
         <run_address>0x169</run_address>
         <size>0x78</size>
         <input_file_ref idref="fl-2"/>
      </object_component>
      <object_component id="oc-124">
         <name>.debug_line</name>
         <load_address>0x1e1</load_address>
         <run_address>0x1e1</run_address>
         <size>0x20</size>
         <input_file_ref idref="fl-2"/>
      </object_component>
      <object_component id="oc-11f">
         <name>.debug_line</name>
         <load_address>0x201</load_address>
         <run_address>0x201</run_address>
         <size>0x73</size>
         <input_file_ref idref="fl-2"/>
      </object_component>
      <object_component id="oc-12e">
         <name>.debug_line</name>
         <load_address>0x274</load_address>
         <run_address>0x274</run_address>
         <size>0x6f</size>
         <input_file_ref idref="fl-2"/>
      </object_component>
      <object_component id="oc-133">
         <name>.debug_line</name>
         <load_address>0x2e3</load_address>
         <run_address>0x2e3</run_address>
         <size>0x70</size>
         <input_file_ref idref="fl-2"/>
      </object_component>
      <object_component id="oc-35">
         <name>.debug_line</name>
         <load_address>0x353</load_address>
         <run_address>0x353</run_address>
         <size>0x20</size>
         <input_file_ref idref="fl-5"/>
      </object_component>
      <object_component id="oc-188">
         <name>.debug_line</name>
         <load_address>0x373</load_address>
         <run_address>0x373</run_address>
         <size>0x7f</size>
         <input_file_ref idref="fl-b"/>
      </object_component>
      <object_component id="oc-164">
         <name>.debug_line</name>
         <load_address>0x3f2</load_address>
         <run_address>0x3f2</run_address>
         <size>0x2d</size>
         <input_file_ref idref="fl-b"/>
      </object_component>
      <object_component id="oc-cb">
         <name>.debug_line</name>
         <load_address>0x41f</load_address>
         <run_address>0x41f</run_address>
         <size>0x4a</size>
         <input_file_ref idref="fl-b"/>
      </object_component>
      <object_component id="oc-d4">
         <name>.debug_line</name>
         <load_address>0x469</load_address>
         <run_address>0x469</run_address>
         <size>0x48</size>
         <input_file_ref idref="fl-b"/>
      </object_component>
      <object_component id="oc-da">
         <name>.debug_line</name>
         <load_address>0x4b1</load_address>
         <run_address>0x4b1</run_address>
         <size>0x48</size>
         <input_file_ref idref="fl-b"/>
      </object_component>
      <object_component id="oc-9a">
         <name>.debug_line</name>
         <load_address>0x4f9</load_address>
         <run_address>0x4f9</run_address>
         <size>0x66</size>
         <input_file_ref idref="fl-f"/>
      </object_component>
      <object_component id="oc-ac">
         <name>.debug_line</name>
         <load_address>0x55f</load_address>
         <run_address>0x55f</run_address>
         <size>0x72</size>
         <input_file_ref idref="fl-19"/>
      </object_component>
      <object_component id="oc-b4">
         <name>.debug_line</name>
         <load_address>0x5d1</load_address>
         <run_address>0x5d1</run_address>
         <size>0x44</size>
         <input_file_ref idref="fl-1f"/>
      </object_component>
      <object_component id="oc-74">
         <name>.debug_line</name>
         <load_address>0x615</load_address>
         <run_address>0x615</run_address>
         <size>0x44</size>
         <input_file_ref idref="fl-1f"/>
      </object_component>
      <object_component id="oc-6b">
         <name>.debug_line</name>
         <load_address>0x659</load_address>
         <run_address>0x659</run_address>
         <size>0x5d</size>
         <input_file_ref idref="fl-1f"/>
      </object_component>
      <object_component id="oc-71">
         <name>.debug_line</name>
         <load_address>0x6b6</load_address>
         <run_address>0x6b6</run_address>
         <size>0x59</size>
         <input_file_ref idref="fl-1f"/>
      </object_component>
      <object_component id="oc-77">
         <name>.debug_line</name>
         <load_address>0x70f</load_address>
         <run_address>0x70f</run_address>
         <size>0x33</size>
         <input_file_ref idref="fl-e2"/>
      </object_component>
      <object_component id="oc-53">
         <name>.debug_line</name>
         <load_address>0x742</load_address>
         <run_address>0x742</run_address>
         <size>0x48</size>
         <input_file_ref idref="fl-e2"/>
      </object_component>
      <object_component id="oc-98">
         <name>.debug_line</name>
         <load_address>0x78a</load_address>
         <run_address>0x78a</run_address>
         <size>0x40</size>
         <input_file_ref idref="fl-e6"/>
      </object_component>
      <object_component id="oc-de">
         <name>.debug_line</name>
         <load_address>0x7ca</load_address>
         <run_address>0x7ca</run_address>
         <size>0x3c</size>
         <input_file_ref idref="fl-e8"/>
      </object_component>
      <object_component id="oc-157">
         <name>.debug_abbrev</name>
         <load_address>0x0</load_address>
         <run_address>0x0</run_address>
         <size>0xc2</size>
         <input_file_ref idref="fl-2"/>
      </object_component>
      <object_component id="oc-15b">
         <name>.debug_abbrev</name>
         <load_address>0xc2</load_address>
         <run_address>0xc2</run_address>
         <size>0xbd</size>
         <input_file_ref idref="fl-2"/>
      </object_component>
      <object_component id="oc-b7">
         <name>.debug_abbrev</name>
         <load_address>0x17f</load_address>
         <run_address>0x17f</run_address>
         <size>0x69</size>
         <input_file_ref idref="fl-2"/>
      </object_component>
      <object_component id="oc-160">
         <name>.debug_abbrev</name>
         <load_address>0x1e8</load_address>
         <run_address>0x1e8</run_address>
         <size>0x97</size>
         <input_file_ref idref="fl-2"/>
      </object_component>
      <object_component id="oc-123">
         <name>.debug_abbrev</name>
         <load_address>0x27f</load_address>
         <run_address>0x27f</run_address>
         <size>0x1f</size>
         <input_file_ref idref="fl-2"/>
      </object_component>
      <object_component id="oc-11e">
         <name>.debug_abbrev</name>
         <load_address>0x29e</load_address>
         <run_address>0x29e</run_address>
         <size>0x5c</size>
         <input_file_ref idref="fl-2"/>
      </object_component>
      <object_component id="oc-12d">
         <name>.debug_abbrev</name>
         <load_address>0x2fa</load_address>
         <run_address>0x2fa</run_address>
         <size>0x24</size>
         <input_file_ref idref="fl-2"/>
      </object_component>
      <object_component id="oc-132">
         <name>.debug_abbrev</name>
         <load_address>0x31e</load_address>
         <run_address>0x31e</run_address>
         <size>0x24</size>
         <input_file_ref idref="fl-2"/>
      </object_component>
      <object_component id="oc-34">
         <name>.debug_abbrev</name>
         <load_address>0x342</load_address>
         <run_address>0x342</run_address>
         <size>0x1f</size>
         <input_file_ref idref="fl-5"/>
      </object_component>
      <object_component id="oc-187">
         <name>.debug_abbrev</name>
         <load_address>0x361</load_address>
         <run_address>0x361</run_address>
         <size>0xbb</size>
         <input_file_ref idref="fl-b"/>
      </object_component>
      <object_component id="oc-163">
         <name>.debug_abbrev</name>
         <load_address>0x41c</load_address>
         <run_address>0x41c</run_address>
         <size>0x27</size>
         <input_file_ref idref="fl-b"/>
      </object_component>
      <object_component id="oc-12a">
         <name>.debug_abbrev</name>
         <load_address>0x443</load_address>
         <run_address>0x443</run_address>
         <size>0x6c</size>
         <input_file_ref idref="fl-b"/>
      </object_component>
      <object_component id="oc-135">
         <name>.debug_abbrev</name>
         <load_address>0x4af</load_address>
         <run_address>0x4af</run_address>
         <size>0x6c</size>
         <input_file_ref idref="fl-b"/>
      </object_component>
      <object_component id="oc-136">
         <name>.debug_abbrev</name>
         <load_address>0x51b</load_address>
         <run_address>0x51b</run_address>
         <size>0x6c</size>
         <input_file_ref idref="fl-b"/>
      </object_component>
      <object_component id="oc-dc">
         <name>.debug_abbrev</name>
         <load_address>0x587</load_address>
         <run_address>0x587</run_address>
         <size>0x71</size>
         <input_file_ref idref="fl-f"/>
      </object_component>
      <object_component id="oc-11b">
         <name>.debug_abbrev</name>
         <load_address>0x5f8</load_address>
         <run_address>0x5f8</run_address>
         <size>0x50</size>
         <input_file_ref idref="fl-19"/>
      </object_component>
      <object_component id="oc-b3">
         <name>.debug_abbrev</name>
         <load_address>0x648</load_address>
         <run_address>0x648</run_address>
         <size>0x7c</size>
         <input_file_ref idref="fl-1f"/>
      </object_component>
      <object_component id="oc-73">
         <name>.debug_abbrev</name>
         <load_address>0x6c4</load_address>
         <run_address>0x6c4</run_address>
         <size>0x29</size>
         <input_file_ref idref="fl-1f"/>
      </object_component>
      <object_component id="oc-b1">
         <name>.debug_abbrev</name>
         <load_address>0x6ed</load_address>
         <run_address>0x6ed</run_address>
         <size>0x5e</size>
         <input_file_ref idref="fl-1f"/>
      </object_component>
      <object_component id="oc-b2">
         <name>.debug_abbrev</name>
         <load_address>0x74b</load_address>
         <run_address>0x74b</run_address>
         <size>0x42</size>
         <input_file_ref idref="fl-1f"/>
      </object_component>
      <object_component id="oc-76">
         <name>.debug_abbrev</name>
         <load_address>0x78d</load_address>
         <run_address>0x78d</run_address>
         <size>0x29</size>
         <input_file_ref idref="fl-e2"/>
      </object_component>
      <object_component id="oc-a0">
         <name>.debug_abbrev</name>
         <load_address>0x7b6</load_address>
         <run_address>0x7b6</run_address>
         <size>0x55</size>
         <input_file_ref idref="fl-e2"/>
      </object_component>
      <object_component id="oc-c9">
         <name>.debug_abbrev</name>
         <load_address>0x80b</load_address>
         <run_address>0x80b</run_address>
         <size>0x55</size>
         <input_file_ref idref="fl-e6"/>
      </object_component>
      <object_component id="oc-137">
         <name>.debug_abbrev</name>
         <load_address>0x860</load_address>
         <run_address>0x860</run_address>
         <size>0x45</size>
         <input_file_ref idref="fl-e8"/>
      </object_component>
      <object_component id="oc-1cb">
         <name>.debug_abbrev</name>
         <load_address>0x8a5</load_address>
         <run_address>0x8a5</run_address>
         <size>0xf</size>
      </object_component>
      <object_component id="oc-15d">
         <name>.debug_str</name>
         <load_address>0x0</load_address>
         <run_address>0x0</run_address>
         <size>0x184b</size>
         <input_file_ref idref="fl-2"/>
      </object_component>
      <object_component id="oc-b9">
         <name>.debug_str</name>
         <load_address>0x184b</load_address>
         <run_address>0x184b</run_address>
         <size>0x2e3</size>
         <input_file_ref idref="fl-2"/>
      </object_component>
      <object_component id="oc-162">
         <name>.debug_str</name>
         <load_address>0x1b2e</load_address>
         <run_address>0x1b2e</run_address>
         <size>0x4c5</size>
         <input_file_ref idref="fl-2"/>
      </object_component>
      <object_component id="oc-125">
         <name>.debug_str</name>
         <load_address>0x1ff3</load_address>
         <run_address>0x1ff3</run_address>
         <size>0xfd</size>
         <input_file_ref idref="fl-2"/>
      </object_component>
      <object_component id="oc-120">
         <name>.debug_str</name>
         <load_address>0x20f0</load_address>
         <run_address>0x20f0</run_address>
         <size>0x379</size>
         <input_file_ref idref="fl-2"/>
      </object_component>
      <object_component id="oc-12f">
         <name>.debug_str</name>
         <load_address>0x2469</load_address>
         <run_address>0x2469</run_address>
         <size>0x1ee</size>
         <input_file_ref idref="fl-2"/>
      </object_component>
      <object_component id="oc-134">
         <name>.debug_str</name>
         <load_address>0x2657</load_address>
         <run_address>0x2657</run_address>
         <size>0x17b</size>
         <input_file_ref idref="fl-2"/>
      </object_component>
      <object_component id="oc-36">
         <name>.debug_str</name>
         <load_address>0x27d2</load_address>
         <run_address>0x27d2</run_address>
         <size>0xfd</size>
         <input_file_ref idref="fl-5"/>
      </object_component>
      <object_component id="oc-15a">
         <name>.debug_pubtypes</name>
         <load_address>0x0</load_address>
         <run_address>0x0</run_address>
         <size>0x2e3</size>
         <input_file_ref idref="fl-2"/>
      </object_component>
      <object_component id="oc-b6">
         <name>.debug_pubtypes</name>
         <load_address>0x2e3</load_address>
         <run_address>0x2e3</run_address>
         <size>0x25c</size>
         <input_file_ref idref="fl-2"/>
      </object_component>
      <object_component id="oc-15f">
         <name>.debug_pubtypes</name>
         <load_address>0x53f</load_address>
         <run_address>0x53f</run_address>
         <size>0xdd</size>
         <input_file_ref idref="fl-2"/>
      </object_component>
      <object_component id="oc-122">
         <name>.debug_pubtypes</name>
         <load_address>0x61c</load_address>
         <run_address>0x61c</run_address>
         <size>0xff</size>
         <input_file_ref idref="fl-2"/>
      </object_component>
      <object_component id="oc-11d">
         <name>.debug_pubtypes</name>
         <load_address>0x71b</load_address>
         <run_address>0x71b</run_address>
         <size>0x330</size>
         <input_file_ref idref="fl-2"/>
      </object_component>
      <object_component id="oc-12c">
         <name>.debug_pubtypes</name>
         <load_address>0xa4b</load_address>
         <run_address>0xa4b</run_address>
         <size>0x12e</size>
         <input_file_ref idref="fl-2"/>
      </object_component>
      <object_component id="oc-131">
         <name>.debug_pubtypes</name>
         <load_address>0xb79</load_address>
         <run_address>0xb79</run_address>
         <size>0xaa</size>
         <input_file_ref idref="fl-2"/>
      </object_component>
      <object_component id="oc-33">
         <name>.debug_pubtypes</name>
         <load_address>0xc23</load_address>
         <run_address>0xc23</run_address>
         <size>0xed</size>
         <input_file_ref idref="fl-5"/>
      </object_component>
      <object_component id="oc-cf">
         <name>.debug_frame</name>
         <load_address>0x0</load_address>
         <run_address>0x0</run_address>
         <size>0x58</size>
         <input_file_ref idref="fl-b"/>
      </object_component>
      <object_component id="oc-d5">
         <name>.debug_frame</name>
         <load_address>0x58</load_address>
         <run_address>0x58</run_address>
         <size>0x58</size>
         <input_file_ref idref="fl-b"/>
      </object_component>
      <object_component id="oc-db">
         <name>.debug_frame</name>
         <load_address>0xb0</load_address>
         <run_address>0xb0</run_address>
         <size>0x58</size>
         <input_file_ref idref="fl-b"/>
      </object_component>
      <object_component id="oc-9b">
         <name>.debug_frame</name>
         <load_address>0x108</load_address>
         <run_address>0x108</run_address>
         <size>0x58</size>
         <input_file_ref idref="fl-f"/>
      </object_component>
      <object_component id="oc-ad">
         <name>.debug_frame</name>
         <load_address>0x160</load_address>
         <run_address>0x160</run_address>
         <size>0x54</size>
         <input_file_ref idref="fl-19"/>
      </object_component>
      <object_component id="oc-6c">
         <name>.debug_frame</name>
         <load_address>0x1b4</load_address>
         <run_address>0x1b4</run_address>
         <size>0x58</size>
         <input_file_ref idref="fl-1f"/>
      </object_component>
      <object_component id="oc-72">
         <name>.debug_frame</name>
         <load_address>0x20c</load_address>
         <run_address>0x20c</run_address>
         <size>0x54</size>
         <input_file_ref idref="fl-1f"/>
      </object_component>
      <object_component id="oc-54">
         <name>.debug_frame</name>
         <load_address>0x260</load_address>
         <run_address>0x260</run_address>
         <size>0x50</size>
         <input_file_ref idref="fl-e2"/>
      </object_component>
      <object_component id="oc-97">
         <name>.debug_frame</name>
         <load_address>0x2b0</load_address>
         <run_address>0x2b0</run_address>
         <size>0x54</size>
         <input_file_ref idref="fl-e6"/>
      </object_component>
      <object_component id="oc-e2">
         <name>.debug_frame</name>
         <load_address>0x304</load_address>
         <run_address>0x304</run_address>
         <size>0x54</size>
         <input_file_ref idref="fl-e8"/>
      </object_component>
      <object_component id="oc-ce">
         <name>.debug_aranges</name>
         <load_address>0x0</load_address>
         <run_address>0x0</run_address>
         <size>0x20</size>
         <input_file_ref idref="fl-b"/>
      </object_component>
      <object_component id="oc-d3">
         <name>.debug_aranges</name>
         <load_address>0x20</load_address>
         <run_address>0x20</run_address>
         <size>0x20</size>
         <input_file_ref idref="fl-b"/>
      </object_component>
      <object_component id="oc-d9">
         <name>.debug_aranges</name>
         <load_address>0x40</load_address>
         <run_address>0x40</run_address>
         <size>0x20</size>
         <input_file_ref idref="fl-b"/>
      </object_component>
      <object_component id="oc-9d">
         <name>.debug_aranges</name>
         <load_address>0x60</load_address>
         <run_address>0x60</run_address>
         <size>0x20</size>
         <input_file_ref idref="fl-f"/>
      </object_component>
      <object_component id="oc-af">
         <name>.debug_aranges</name>
         <load_address>0x80</load_address>
         <run_address>0x80</run_address>
         <size>0x20</size>
         <input_file_ref idref="fl-19"/>
      </object_component>
      <object_component id="oc-6a">
         <name>.debug_aranges</name>
         <load_address>0xa0</load_address>
         <run_address>0xa0</run_address>
         <size>0x20</size>
         <input_file_ref idref="fl-1f"/>
      </object_component>
      <object_component id="oc-70">
         <name>.debug_aranges</name>
         <load_address>0xc0</load_address>
         <run_address>0xc0</run_address>
         <size>0x20</size>
         <input_file_ref idref="fl-1f"/>
      </object_component>
      <object_component id="oc-52">
         <name>.debug_aranges</name>
         <load_address>0xe0</load_address>
         <run_address>0xe0</run_address>
         <size>0x20</size>
         <input_file_ref idref="fl-e2"/>
      </object_component>
      <object_component id="oc-95">
         <name>.debug_aranges</name>
         <load_address>0x100</load_address>
         <run_address>0x100</run_address>
         <size>0x20</size>
         <input_file_ref idref="fl-e6"/>
      </object_component>
      <object_component id="oc-e0">
         <name>.debug_aranges</name>
         <load_address>0x120</load_address>
         <run_address>0x120</run_address>
         <size>0x20</size>
         <input_file_ref idref="fl-e8"/>
      </object_component>
      <object_component id="oc-129">
         <name>.debug_pubnames</name>
         <load_address>0x0</load_address>
         <run_address>0x0</run_address>
         <size>0x28</size>
         <input_file_ref idref="fl-b"/>
      </object_component>
      <object_component id="oc-cd">
         <name>.debug_pubnames</name>
         <load_address>0x28</load_address>
         <run_address>0x28</run_address>
         <size>0x2a</size>
         <input_file_ref idref="fl-b"/>
      </object_component>
      <object_component id="oc-d2">
         <name>.debug_pubnames</name>
         <load_address>0x52</load_address>
         <run_address>0x52</run_address>
         <size>0x2e</size>
         <input_file_ref idref="fl-b"/>
      </object_component>
      <object_component id="oc-d8">
         <name>.debug_pubnames</name>
         <load_address>0x80</load_address>
         <run_address>0x80</run_address>
         <size>0x2d</size>
         <input_file_ref idref="fl-b"/>
      </object_component>
      <object_component id="oc-9e">
         <name>.debug_pubnames</name>
         <load_address>0xad</load_address>
         <run_address>0xad</run_address>
         <size>0x1b</size>
         <input_file_ref idref="fl-f"/>
      </object_component>
      <object_component id="oc-b0">
         <name>.debug_pubnames</name>
         <load_address>0xc8</load_address>
         <run_address>0xc8</run_address>
         <size>0x21</size>
         <input_file_ref idref="fl-19"/>
      </object_component>
      <object_component id="oc-28">
         <name>.debug_pubnames</name>
         <load_address>0xe9</load_address>
         <run_address>0xe9</run_address>
         <size>0x27</size>
         <input_file_ref idref="fl-1f"/>
      </object_component>
      <object_component id="oc-69">
         <name>.debug_pubnames</name>
         <load_address>0x110</load_address>
         <run_address>0x110</run_address>
         <size>0x24</size>
         <input_file_ref idref="fl-1f"/>
      </object_component>
      <object_component id="oc-6f">
         <name>.debug_pubnames</name>
         <load_address>0x134</load_address>
         <run_address>0x134</run_address>
         <size>0x26</size>
         <input_file_ref idref="fl-1f"/>
      </object_component>
      <object_component id="oc-2b">
         <name>.debug_pubnames</name>
         <load_address>0x15a</load_address>
         <run_address>0x15a</run_address>
         <size>0x1e</size>
         <input_file_ref idref="fl-e2"/>
      </object_component>
      <object_component id="oc-51">
         <name>.debug_pubnames</name>
         <load_address>0x178</load_address>
         <run_address>0x178</run_address>
         <size>0x2d</size>
         <input_file_ref idref="fl-e2"/>
      </object_component>
      <object_component id="oc-96">
         <name>.debug_pubnames</name>
         <load_address>0x1a5</load_address>
         <run_address>0x1a5</run_address>
         <size>0x27</size>
         <input_file_ref idref="fl-e6"/>
      </object_component>
      <object_component id="oc-e1">
         <name>.debug_pubnames</name>
         <load_address>0x1cc</load_address>
         <run_address>0x1cc</run_address>
         <size>0x1c</size>
         <input_file_ref idref="fl-e8"/>
      </object_component>
   </object_component_list>
   <logical_group_list>
      <logical_group id="lg-3" display="no" color="cyan">
         <name>.intvecs</name>
         <load_address>0x0</load_address>
         <run_address>0x0</run_address>
         <size>0xe8</size>
         <contents>
            <object_component_ref idref="oc-26"/>
         </contents>
      </logical_group>
      <logical_group id="lg-4" display="no" color="cyan">
         <name>.text</name>
         <load_address>0xe8</load_address>
         <run_address>0xe8</run_address>
         <size>0x1ca</size>
         <contents>
            <object_component_ref idref="oc-ab"/>
            <object_component_ref idref="oc-99"/>
            <object_component_ref idref="oc-ca"/>
            <object_component_ref idref="oc-4f"/>
            <object_component_ref idref="oc-d0"/>
            <object_component_ref idref="oc-d6"/>
            <object_component_ref idref="oc-67"/>
            <object_component_ref idref="oc-93"/>
            <object_component_ref idref="oc-dd"/>
            <object_component_ref idref="oc-6d"/>
         </contents>
      </logical_group>
      <logical_group id="lg-5" display="no" color="cyan">
         <name>.const</name>
         <load_address>0x2b4</load_address>
         <run_address>0x2b4</run_address>
         <size>0x30</size>
         <contents>
            <object_component_ref idref="oc-127"/>
         </contents>
      </logical_group>
      <logical_group id="lg-6" display="no" color="cyan">
         <name>.cinit</name>
         <run_address>0x0</run_address>
         <size>0x0</size>
         <contents>
         </contents>
      </logical_group>
      <logical_group id="lg-7" display="no" color="cyan">
         <name>.pinit</name>
         <run_address>0x0</run_address>
         <size>0x0</size>
         <contents>
         </contents>
      </logical_group>
      <logical_group id="lg-8" display="no" color="cyan">
         <name>.init_array</name>
         <run_address>0x0</run_address>
         <size>0x0</size>
         <contents>
         </contents>
      </logical_group>
      <logical_group id="lg-9" display="no" color="cyan">
         <name>.binit</name>
         <load_address>0x0</load_address>
         <run_address>0x0</run_address>
         <size>0x0</size>
         <contents>
            <object_component_ref idref="oc-19b"/>
         </contents>
      </logical_group>
      <logical_group id="lg-a" display="no" color="cyan">
         <name>.flashMailbox</name>
         <run_address>0x0</run_address>
         <size>0x0</size>
         <contents>
         </contents>
      </logical_group>
      <logical_group id="lg-b" display="no" color="cyan">
         <name>.tlvTable</name>
         <run_address>0x0</run_address>
         <size>0x0</size>
         <contents>
         </contents>
      </logical_group>
      <logical_group id="lg-c" display="no" color="cyan">
         <name>.bslArea</name>
         <run_address>0x0</run_address>
         <size>0x0</size>
         <contents>
         </contents>
      </logical_group>
      <logical_group id="lg-d" display="no" color="cyan">
         <name>.vtable</name>
         <run_address>0x0</run_address>
         <size>0x0</size>
         <contents>
         </contents>
      </logical_group>
      <logical_group id="lg-e" display="no" color="cyan">
         <name>.data</name>
         <run_address>0x0</run_address>
         <size>0x0</size>
         <contents>
         </contents>
      </logical_group>
      <logical_group id="lg-f" display="no" color="cyan">
         <name>.bss</name>
         <run_address>0x0</run_address>
         <size>0x0</size>
         <contents>
         </contents>
      </logical_group>
      <logical_group id="lg-10" display="no" color="cyan">
         <name>.sysmem</name>
         <run_address>0x0</run_address>
         <size>0x0</size>
         <contents>
         </contents>
      </logical_group>
      <logical_group id="lg-11" display="no" color="cyan">
         <name>.stack</name>
         <run_address>0x2003fe00</run_address>
         <size>0x200</size>
         <contents>
            <object_component_ref idref="oc-29"/>
            <object_component_ref idref="oc-1c9"/>
         </contents>
      </logical_group>
      <logical_group id="lg-12" display="no" color="cyan">
         <name>.TI.ramfunc</name>
         <run_address>0x0</run_address>
         <size>0x0</size>
         <contents>
         </contents>
      </logical_group>
      <logical_group id="lg-198" display="no" color="cyan">
         <name>.TI.noinit</name>
         <run_address>0x0</run_address>
         <size>0x0</size>
         <contents>
         </contents>
      </logical_group>
      <logical_group id="lg-199" display="no" color="cyan">
         <name>.TI.persistent</name>
         <run_address>0x0</run_address>
         <size>0x0</size>
         <contents>
         </contents>
      </logical_group>
      <logical_group id="lg-19a" display="no" color="cyan">
         <name>__llvm_prf_cnts</name>
         <run_address>0x20000000</run_address>
         <size>0x0</size>
         <contents>
         </contents>
      </logical_group>
      <logical_group id="lg-1af" display="never" color="cyan">
         <name>.debug_info</name>
         <load_address>0x0</load_address>
         <run_address>0x0</run_address>
         <size>0x78c0</size>
         <contents>
            <object_component_ref idref="oc-126"/>
            <object_component_ref idref="oc-159"/>
            <object_component_ref idref="oc-b5"/>
            <object_component_ref idref="oc-15e"/>
            <object_component_ref idref="oc-121"/>
            <object_component_ref idref="oc-11c"/>
            <object_component_ref idref="oc-12b"/>
            <object_component_ref idref="oc-130"/>
            <object_component_ref idref="oc-32"/>
            <object_component_ref idref="oc-165"/>
            <object_component_ref idref="oc-128"/>
            <object_component_ref idref="oc-cc"/>
            <object_component_ref idref="oc-d1"/>
            <object_component_ref idref="oc-d7"/>
            <object_component_ref idref="oc-9c"/>
            <object_component_ref idref="oc-ae"/>
            <object_component_ref idref="oc-75"/>
            <object_component_ref idref="oc-27"/>
            <object_component_ref idref="oc-68"/>
            <object_component_ref idref="oc-6e"/>
            <object_component_ref idref="oc-2a"/>
            <object_component_ref idref="oc-50"/>
            <object_component_ref idref="oc-94"/>
            <object_component_ref idref="oc-df"/>
            <object_component_ref idref="oc-1ca"/>
         </contents>
      </logical_group>
      <logical_group id="lg-1b1" display="never" color="cyan">
         <name>.debug_line</name>
         <load_address>0x0</load_address>
         <run_address>0x0</run_address>
         <size>0x806</size>
         <contents>
            <object_component_ref idref="oc-158"/>
            <object_component_ref idref="oc-15c"/>
            <object_component_ref idref="oc-b8"/>
            <object_component_ref idref="oc-161"/>
            <object_component_ref idref="oc-124"/>
            <object_component_ref idref="oc-11f"/>
            <object_component_ref idref="oc-12e"/>
            <object_component_ref idref="oc-133"/>
            <object_component_ref idref="oc-35"/>
            <object_component_ref idref="oc-188"/>
            <object_component_ref idref="oc-164"/>
            <object_component_ref idref="oc-cb"/>
            <object_component_ref idref="oc-d4"/>
            <object_component_ref idref="oc-da"/>
            <object_component_ref idref="oc-9a"/>
            <object_component_ref idref="oc-ac"/>
            <object_component_ref idref="oc-b4"/>
            <object_component_ref idref="oc-74"/>
            <object_component_ref idref="oc-6b"/>
            <object_component_ref idref="oc-71"/>
            <object_component_ref idref="oc-77"/>
            <object_component_ref idref="oc-53"/>
            <object_component_ref idref="oc-98"/>
            <object_component_ref idref="oc-de"/>
         </contents>
      </logical_group>
      <logical_group id="lg-1b3" display="never" color="cyan">
         <name>.debug_abbrev</name>
         <load_address>0x0</load_address>
         <run_address>0x0</run_address>
         <size>0x8b4</size>
         <contents>
            <object_component_ref idref="oc-157"/>
            <object_component_ref idref="oc-15b"/>
            <object_component_ref idref="oc-b7"/>
            <object_component_ref idref="oc-160"/>
            <object_component_ref idref="oc-123"/>
            <object_component_ref idref="oc-11e"/>
            <object_component_ref idref="oc-12d"/>
            <object_component_ref idref="oc-132"/>
            <object_component_ref idref="oc-34"/>
            <object_component_ref idref="oc-187"/>
            <object_component_ref idref="oc-163"/>
            <object_component_ref idref="oc-12a"/>
            <object_component_ref idref="oc-135"/>
            <object_component_ref idref="oc-136"/>
            <object_component_ref idref="oc-dc"/>
            <object_component_ref idref="oc-11b"/>
            <object_component_ref idref="oc-b3"/>
            <object_component_ref idref="oc-73"/>
            <object_component_ref idref="oc-b1"/>
            <object_component_ref idref="oc-b2"/>
            <object_component_ref idref="oc-76"/>
            <object_component_ref idref="oc-a0"/>
            <object_component_ref idref="oc-c9"/>
            <object_component_ref idref="oc-137"/>
            <object_component_ref idref="oc-1cb"/>
         </contents>
      </logical_group>
      <logical_group id="lg-1b5" display="never" color="cyan">
         <name>.debug_str</name>
         <load_address>0x0</load_address>
         <run_address>0x0</run_address>
         <size>0x28cf</size>
         <contents>
            <object_component_ref idref="oc-15d"/>
            <object_component_ref idref="oc-b9"/>
            <object_component_ref idref="oc-162"/>
            <object_component_ref idref="oc-125"/>
            <object_component_ref idref="oc-120"/>
            <object_component_ref idref="oc-12f"/>
            <object_component_ref idref="oc-134"/>
            <object_component_ref idref="oc-36"/>
         </contents>
      </logical_group>
      <logical_group id="lg-1b7" display="never" color="cyan">
         <name>.debug_pubtypes</name>
         <load_address>0x0</load_address>
         <run_address>0x0</run_address>
         <size>0xd10</size>
         <contents>
            <object_component_ref idref="oc-15a"/>
            <object_component_ref idref="oc-b6"/>
            <object_component_ref idref="oc-15f"/>
            <object_component_ref idref="oc-122"/>
            <object_component_ref idref="oc-11d"/>
            <object_component_ref idref="oc-12c"/>
            <object_component_ref idref="oc-131"/>
            <object_component_ref idref="oc-33"/>
         </contents>
      </logical_group>
      <logical_group id="lg-1b9" display="never" color="cyan">
         <name>.debug_frame</name>
         <load_address>0x0</load_address>
         <run_address>0x0</run_address>
         <size>0x358</size>
         <contents>
            <object_component_ref idref="oc-cf"/>
            <object_component_ref idref="oc-d5"/>
            <object_component_ref idref="oc-db"/>
            <object_component_ref idref="oc-9b"/>
            <object_component_ref idref="oc-ad"/>
            <object_component_ref idref="oc-6c"/>
            <object_component_ref idref="oc-72"/>
            <object_component_ref idref="oc-54"/>
            <object_component_ref idref="oc-97"/>
            <object_component_ref idref="oc-e2"/>
         </contents>
      </logical_group>
      <logical_group id="lg-1bb" display="never" color="cyan">
         <name>.debug_aranges</name>
         <load_address>0x0</load_address>
         <run_address>0x0</run_address>
         <size>0x140</size>
         <contents>
            <object_component_ref idref="oc-ce"/>
            <object_component_ref idref="oc-d3"/>
            <object_component_ref idref="oc-d9"/>
            <object_component_ref idref="oc-9d"/>
            <object_component_ref idref="oc-af"/>
            <object_component_ref idref="oc-6a"/>
            <object_component_ref idref="oc-70"/>
            <object_component_ref idref="oc-52"/>
            <object_component_ref idref="oc-95"/>
            <object_component_ref idref="oc-e0"/>
         </contents>
      </logical_group>
      <logical_group id="lg-1bd" display="never" color="cyan">
         <name>.debug_pubnames</name>
         <load_address>0x0</load_address>
         <run_address>0x0</run_address>
         <size>0x1e8</size>
         <contents>
            <object_component_ref idref="oc-129"/>
            <object_component_ref idref="oc-cd"/>
            <object_component_ref idref="oc-d2"/>
            <object_component_ref idref="oc-d8"/>
            <object_component_ref idref="oc-9e"/>
            <object_component_ref idref="oc-b0"/>
            <object_component_ref idref="oc-28"/>
            <object_component_ref idref="oc-69"/>
            <object_component_ref idref="oc-6f"/>
            <object_component_ref idref="oc-2b"/>
            <object_component_ref idref="oc-51"/>
            <object_component_ref idref="oc-96"/>
            <object_component_ref idref="oc-e1"/>
         </contents>
      </logical_group>
      <logical_group id="lg-1c8" display="no" color="cyan">
         <name>Veneer$$CMSE</name>
         <run_address>0x0</run_address>
         <size>0x0</size>
         <contents>
         </contents>
      </logical_group>
      <load_segment id="lg-1cc" display="no" color="cyan">
         <name>SEGMENT_0</name>
         <load_address>0x0</load_address>
         <run_address>0x0</run_address>
         <size>0x2e4</size>
         <flags>0x5</flags>
         <contents>
            <logical_group_ref idref="lg-3"/>
            <logical_group_ref idref="lg-4"/>
            <logical_group_ref idref="lg-5"/>
         </contents>
      </load_segment>
      <load_segment id="lg-1cd" display="no" color="cyan">
         <name>SEGMENT_1</name>
         <run_address>0x2003fe00</run_address>
         <size>0x200</size>
         <flags>0x6</flags>
         <contents>
            <logical_group_ref idref="lg-11"/>
         </contents>
      </load_segment>
   </logical_group_list>
   <placement_map>
      <memory_area display="yes" color="green">
         <name>MAIN</name>
         <page_id>0x0</page_id>
         <origin>0x0</origin>
         <length>0x200000</length>
         <used_space>0x2e2</used_space>
         <unused_space>0x1ffd1e</unused_space>
         <attributes>RX</attributes>
         <usage_details>
            <allocated_space>
               <start_address>0x0</start_address>
               <size>0x0</size>
               <logical_group_ref idref="lg-9"/>
            </allocated_space>
            <allocated_space>
               <start_address>0x0</start_address>
               <size>0xe8</size>
               <logical_group_ref idref="lg-3"/>
            </allocated_space>
            <allocated_space>
               <start_address>0xe8</start_address>
               <size>0x1ca</size>
               <logical_group_ref idref="lg-4"/>
            </allocated_space>
            <available_space>
               <start_address>0x2b2</start_address>
               <size>0x2</size>
            </available_space>
            <allocated_space>
               <start_address>0x2b4</start_address>
               <size>0x30</size>
               <logical_group_ref idref="lg-5"/>
            </allocated_space>
            <available_space>
               <start_address>0x2e4</start_address>
               <size>0x1ffd1c</size>
            </available_space>
         </usage_details>
      </memory_area>
      <memory_area display="yes" color="green">
         <name>INFO</name>
         <page_id>0x0</page_id>
         <origin>0x200000</origin>
         <length>0x8000</length>
         <used_space>0x0</used_space>
         <unused_space>0x8000</unused_space>
         <attributes>RX</attributes>
         <usage_details>
         </usage_details>
      </memory_area>
      <memory_area display="yes" color="green">
         <name>SRAM_CODE</name>
         <page_id>0x0</page_id>
         <origin>0x1000000</origin>
         <length>0x40000</length>
         <used_space>0x200</used_space>
         <unused_space>0x3fe00</unused_space>
         <attributes>RWX</attributes>
         <usage_details>
            <allocated_space>
               <start_address>0x1000000</start_address>
               <size>0x0</size>
               <logical_group_ref idref="lg-19a"/>
            </allocated_space>
            <available_space>
               <start_address>0x1000000</start_address>
               <size>0x3fe00</size>
            </available_space>
            <allocated_space>
               <start_address>0x103fe00</start_address>
               <size>0x200</size>
               <logical_group_ref idref="lg-11"/>
            </allocated_space>
         </usage_details>
      </memory_area>
      <memory_area display="yes" color="green">
         <name>SRAM_DATA</name>
         <page_id>0x0</page_id>
         <origin>0x20000000</origin>
         <length>0x40000</length>
         <used_space>0x200</used_space>
         <unused_space>0x3fe00</unused_space>
         <attributes>RW</attributes>
         <usage_details>
            <allocated_space>
               <start_address>0x20000000</start_address>
               <size>0x0</size>
               <logical_group_ref idref="lg-19a"/>
            </allocated_space>
            <available_space>
               <start_address>0x20000000</start_address>
               <size>0x3fe00</size>
            </available_space>
            <allocated_space>
               <start_address>0x2003fe00</start_address>
               <size>0x200</size>
               <logical_group_ref idref="lg-11"/>
            </allocated_space>
         </usage_details>
      </memory_area>
   </placement_map>
   <symbol_table>
      <symbol id="sm-1">
         <name>WDTCTL_SYM</name>
         <value>0x4000480c</value>
      </symbol>
      <symbol id="sm-2">
         <name>__start___llvm_prf_cnts</name>
         <value>0x20000000</value>
      </symbol>
      <symbol id="sm-3">
         <name>__stop___llvm_prf_cnts</name>
         <value>0x20000000</value>
      </symbol>
      <symbol id="sm-4">
         <name>binit</name>
         <value>0xffffffff</value>
      </symbol>
      <symbol id="sm-5">
         <name>__binit__</name>
         <value>0xffffffff</value>
      </symbol>
      <symbol id="sm-6">
         <name>__STACK_SIZE</name>
         <value>0x200</value>
      </symbol>
      <symbol id="sm-7">
         <name>__STACK_END</name>
         <value>0x20040000</value>
      </symbol>
      <symbol id="sm-8">
         <name>__c_args__</name>
         <value>0xffffffff</value>
      </symbol>
      <symbol id="sm-9">
         <name>__TI_pprof_out_hndl</name>
         <value>0xffffffff</value>
      </symbol>
      <symbol id="sm-a">
         <name>__TI_prof_data_start</name>
         <value>0xffffffff</value>
      </symbol>
      <symbol id="sm-b">
         <name>__TI_prof_data_size</name>
         <value>0xffffffff</value>
      </symbol>
      <symbol id="sm-c">
         <name>__TI_static_base__</name>
         <value>0x0</value>
      </symbol>
      <symbol id="sm-86">
         <name>GPIO_setOutputHighOnPin</name>
         <value>0x24d</value>
         <object_component_ref idref="oc-d0"/>
      </symbol>
      <symbol id="sm-87">
         <name>GPIO_setAsOutputPin</name>
         <value>0x1e1</value>
         <object_component_ref idref="oc-ca"/>
      </symbol>
      <symbol id="sm-88">
         <name>GPIO_setOutputLowOnPin</name>
         <value>0x275</value>
         <object_component_ref idref="oc-d6"/>
      </symbol>
      <symbol id="sm-9c">
         <name>main</name>
         <value>0x17d</value>
         <object_component_ref idref="oc-99"/>
      </symbol>
      <symbol id="sm-be">
         <name>SystemInit</name>
         <value>0xe9</value>
         <object_component_ref idref="oc-ab"/>
      </symbol>
      <symbol id="sm-df">
         <name>Reset_Handler</name>
         <value>0x29d</value>
         <object_component_ref idref="oc-67"/>
      </symbol>
      <symbol id="sm-e0">
         <name>Default_Handler</name>
         <value>0x2b1</value>
         <object_component_ref idref="oc-6d"/>
      </symbol>
      <symbol id="sm-e1">
         <name>interruptVectors</name>
         <value>0x0</value>
         <object_component_ref idref="oc-26"/>
      </symbol>
      <symbol id="sm-f7">
         <name>_c_int00_noinit_noargs</name>
         <value>0x221</value>
         <object_component_ref idref="oc-4f"/>
      </symbol>
      <symbol id="sm-f8">
         <name>__stack</name>
         <value>0x2003fe00</value>
         <object_component_ref idref="oc-29"/>
      </symbol>
      <symbol id="sm-105">
         <name>_system_pre_init</name>
         <value>0x2a9</value>
         <object_component_ref idref="oc-93"/>
      </symbol>
      <symbol id="sm-111">
         <name>C$$EXIT</name>
         <value>0x2ad</value>
         <object_component_ref idref="oc-dd"/>
      </symbol>
      <symbol id="sm-112">
         <name>abort</name>
         <value>0x2ad</value>
         <object_component_ref idref="oc-dd"/>
      </symbol>
      <symbol id="sm-115">
         <name>__mpu_init</name>
         <value>0x0</value>
      </symbol>
      <symbol id="sm-116">
         <name>NMI_Handler</name>
         <value>0x2b1</value>
      </symbol>
      <symbol id="sm-117">
         <name>HardFault_Handler</name>
         <value>0x2b1</value>
      </symbol>
      <symbol id="sm-118">
         <name>MemManage_Handler</name>
         <value>0x2b1</value>
      </symbol>
      <symbol id="sm-119">
         <name>BusFault_Handler</name>
         <value>0x2b1</value>
      </symbol>
      <symbol id="sm-11a">
         <name>UsageFault_Handler</name>
         <value>0x2b1</value>
      </symbol>
      <symbol id="sm-11b">
         <name>SVC_Handler</name>
         <value>0x2b1</value>
      </symbol>
      <symbol id="sm-11c">
         <name>DebugMon_Handler</name>
         <value>0x2b1</value>
      </symbol>
      <symbol id="sm-11d">
         <name>PendSV_Handler</name>
         <value>0x2b1</value>
      </symbol>
      <symbol id="sm-11e">
         <name>SysTick_Handler</name>
         <value>0x2b1</value>
      </symbol>
      <symbol id="sm-11f">
         <name>PSS_IRQHandler</name>
         <value>0x2b1</value>
      </symbol>
      <symbol id="sm-120">
         <name>CS_IRQHandler</name>
         <value>0x2b1</value>
      </symbol>
      <symbol id="sm-121">
         <name>PCM_IRQHandler</name>
         <value>0x2b1</value>
      </symbol>
      <symbol id="sm-122">
         <name>WDT_A_IRQHandler</name>
         <value>0x2b1</value>
      </symbol>
      <symbol id="sm-123">
         <name>FPU_IRQHandler</name>
         <value>0x2b1</value>
      </symbol>
      <symbol id="sm-124">
         <name>FLCTL_A_IRQHandler</name>
         <value>0x2b1</value>
      </symbol>
      <symbol id="sm-125">
         <name>COMP_E0_IRQHandler</name>
         <value>0x2b1</value>
      </symbol>
      <symbol id="sm-126">
         <name>COMP_E1_IRQHandler</name>
         <value>0x2b1</value>
      </symbol>
      <symbol id="sm-127">
         <name>TA0_0_IRQHandler</name>
         <value>0x2b1</value>
      </symbol>
      <symbol id="sm-128">
         <name>TA0_N_IRQHandler</name>
         <value>0x2b1</value>
      </symbol>
      <symbol id="sm-129">
         <name>TA1_0_IRQHandler</name>
         <value>0x2b1</value>
      </symbol>
      <symbol id="sm-12a">
         <name>TA1_N_IRQHandler</name>
         <value>0x2b1</value>
      </symbol>
      <symbol id="sm-12b">
         <name>TA2_0_IRQHandler</name>
         <value>0x2b1</value>
      </symbol>
      <symbol id="sm-12c">
         <name>TA2_N_IRQHandler</name>
         <value>0x2b1</value>
      </symbol>
      <symbol id="sm-12d">
         <name>TA3_0_IRQHandler</name>
         <value>0x2b1</value>
      </symbol>
      <symbol id="sm-12e">
         <name>TA3_N_IRQHandler</name>
         <value>0x2b1</value>
      </symbol>
      <symbol id="sm-12f">
         <name>EUSCIA0_IRQHandler</name>
         <value>0x2b1</value>
      </symbol>
      <symbol id="sm-130">
         <name>EUSCIA1_IRQHandler</name>
         <value>0x2b1</value>
      </symbol>
      <symbol id="sm-131">
         <name>EUSCIA2_IRQHandler</name>
         <value>0x2b1</value>
      </symbol>
      <symbol id="sm-132">
         <name>EUSCIA3_IRQHandler</name>
         <value>0x2b1</value>
      </symbol>
      <symbol id="sm-133">
         <name>EUSCIB0_IRQHandler</name>
         <value>0x2b1</value>
      </symbol>
      <symbol id="sm-134">
         <name>EUSCIB1_IRQHandler</name>
         <value>0x2b1</value>
      </symbol>
      <symbol id="sm-135">
         <name>EUSCIB2_IRQHandler</name>
         <value>0x2b1</value>
      </symbol>
      <symbol id="sm-136">
         <name>EUSCIB3_IRQHandler</name>
         <value>0x2b1</value>
      </symbol>
      <symbol id="sm-137">
         <name>ADC14_IRQHandler</name>
         <value>0x2b1</value>
      </symbol>
      <symbol id="sm-138">
         <name>T32_INT1_IRQHandler</name>
         <value>0x2b1</value>
      </symbol>
      <symbol id="sm-139">
         <name>T32_INT2_IRQHandler</name>
         <value>0x2b1</value>
      </symbol>
      <symbol id="sm-13a">
         <name>T32_INTC_IRQHandler</name>
         <value>0x2b1</value>
      </symbol>
      <symbol id="sm-13b">
         <name>AES256_IRQHandler</name>
         <value>0x2b1</value>
      </symbol>
      <symbol id="sm-13c">
         <name>RTC_C_IRQHandler</name>
         <value>0x2b1</value>
      </symbol>
      <symbol id="sm-13d">
         <name>DMA_ERR_IRQHandler</name>
         <value>0x2b1</value>
      </symbol>
      <symbol id="sm-13e">
         <name>DMA_INT3_IRQHandler</name>
         <value>0x2b1</value>
      </symbol>
      <symbol id="sm-13f">
         <name>DMA_INT2_IRQHandler</name>
         <value>0x2b1</value>
      </symbol>
      <symbol id="sm-140">
         <name>DMA_INT1_IRQHandler</name>
         <value>0x2b1</value>
      </symbol>
      <symbol id="sm-141">
         <name>DMA_INT0_IRQHandler</name>
         <value>0x2b1</value>
      </symbol>
      <symbol id="sm-142">
         <name>PORT1_IRQHandler</name>
         <value>0x2b1</value>
      </symbol>
      <symbol id="sm-143">
         <name>PORT2_IRQHandler</name>
         <value>0x2b1</value>
      </symbol>
      <symbol id="sm-144">
         <name>PORT3_IRQHandler</name>
         <value>0x2b1</value>
      </symbol>
      <symbol id="sm-145">
         <name>PORT4_IRQHandler</name>
         <value>0x2b1</value>
      </symbol>
      <symbol id="sm-146">
         <name>PORT5_IRQHandler</name>
         <value>0x2b1</value>
      </symbol>
      <symbol id="sm-147">
         <name>PORT6_IRQHandler</name>
         <value>0x2b1</value>
      </symbol>
      <symbol id="sm-148">
         <name>LCD_F_IRQHandler</name>
         <value>0x2b1</value>
      </symbol>
   </symbol_table>
   <title>Link successful</title>
</link_info>
