<?xml version="1.0" encoding="ISO-8859-1" ?>
<link_info>
   <banner>TI ARM Linker PC v20.2.5.LTS</banner>
   <copyright>Copyright (c) 1996-2018 Texas Instruments Incorporated</copyright>
   <link_time>0x62e75b00</link_time>
   <link_errors>0x0</link_errors>
   <output_file>jsonIBMCloud_P8.out</output_file>
   <entry_point>
      <name>_c_int00_noinit_noargs</name>
      <address>0x15d</address>
   </entry_point>
   <input_file_list>
      <input_file id="fl-2">
         <path>.\</path>
         <kind>object</kind>
         <file>adc14.obj</file>
         <name>adc14.obj</name>
      </input_file>
      <input_file id="fl-3">
         <path>.\</path>
         <kind>object</kind>
         <file>aes256.obj</file>
         <name>aes256.obj</name>
      </input_file>
      <input_file id="fl-4">
         <path>.\</path>
         <kind>object</kind>
         <file>comp_e.obj</file>
         <name>comp_e.obj</name>
      </input_file>
      <input_file id="fl-5">
         <path>.\</path>
         <kind>object</kind>
         <file>cpu.obj</file>
         <name>cpu.obj</name>
      </input_file>
      <input_file id="fl-6">
         <path>.\</path>
         <kind>object</kind>
         <file>crc32.obj</file>
         <name>crc32.obj</name>
      </input_file>
      <input_file id="fl-7">
         <path>.\</path>
         <kind>object</kind>
         <file>cs.obj</file>
         <name>cs.obj</name>
      </input_file>
      <input_file id="fl-8">
         <path>.\</path>
         <kind>object</kind>
         <file>dma.obj</file>
         <name>dma.obj</name>
      </input_file>
      <input_file id="fl-9">
         <path>.\</path>
         <kind>object</kind>
         <file>flash.obj</file>
         <name>flash.obj</name>
      </input_file>
      <input_file id="fl-a">
         <path>.\</path>
         <kind>object</kind>
         <file>fpu.obj</file>
         <name>fpu.obj</name>
      </input_file>
      <input_file id="fl-b">
         <path>.\</path>
         <kind>object</kind>
         <file>gpio.obj</file>
         <name>gpio.obj</name>
      </input_file>
      <input_file id="fl-c">
         <path>.\</path>
         <kind>object</kind>
         <file>i2c.obj</file>
         <name>i2c.obj</name>
      </input_file>
      <input_file id="fl-d">
         <path>.\</path>
         <kind>object</kind>
         <file>interrupt.obj</file>
         <name>interrupt.obj</name>
      </input_file>
      <input_file id="fl-e">
         <path>.\</path>
         <kind>object</kind>
         <file>main.obj</file>
         <name>main.obj</name>
      </input_file>
      <input_file id="fl-f">
         <path>.\</path>
         <kind>object</kind>
         <file>mpu.obj</file>
         <name>mpu.obj</name>
      </input_file>
      <input_file id="fl-10">
         <path>.\</path>
         <kind>object</kind>
         <file>pcm.obj</file>
         <name>pcm.obj</name>
      </input_file>
      <input_file id="fl-11">
         <path>.\</path>
         <kind>object</kind>
         <file>pmap.obj</file>
         <name>pmap.obj</name>
      </input_file>
      <input_file id="fl-12">
         <path>.\</path>
         <kind>object</kind>
         <file>pss.obj</file>
         <name>pss.obj</name>
      </input_file>
      <input_file id="fl-13">
         <path>.\</path>
         <kind>object</kind>
         <file>ref_a.obj</file>
         <name>ref_a.obj</name>
      </input_file>
      <input_file id="fl-14">
         <path>.\</path>
         <kind>object</kind>
         <file>reset.obj</file>
         <name>reset.obj</name>
      </input_file>
      <input_file id="fl-15">
         <path>.\</path>
         <kind>object</kind>
         <file>rtc_c.obj</file>
         <name>rtc_c.obj</name>
      </input_file>
      <input_file id="fl-16">
         <path>.\</path>
         <kind>object</kind>
         <file>spi.obj</file>
         <name>spi.obj</name>
      </input_file>
      <input_file id="fl-17">
         <path>.\</path>
         <kind>object</kind>
         <file>sysctl.obj</file>
         <name>sysctl.obj</name>
      </input_file>
      <input_file id="fl-18">
         <path>.\</path>
         <kind>object</kind>
         <file>system_msp432p401r.obj</file>
         <name>system_msp432p401r.obj</name>
      </input_file>
      <input_file id="fl-19">
         <path>.\</path>
         <kind>object</kind>
         <file>systick.obj</file>
         <name>systick.obj</name>
      </input_file>
      <input_file id="fl-1a">
         <path>.\</path>
         <kind>object</kind>
         <file>timer32.obj</file>
         <name>timer32.obj</name>
      </input_file>
      <input_file id="fl-1b">
         <path>.\</path>
         <kind>object</kind>
         <file>timer_a.obj</file>
         <name>timer_a.obj</name>
      </input_file>
      <input_file id="fl-1c">
         <path>.\</path>
         <kind>object</kind>
         <file>uart.obj</file>
         <name>uart.obj</name>
      </input_file>
      <input_file id="fl-1d">
         <path>.\</path>
         <kind>object</kind>
         <file>wdt_a.obj</file>
         <name>wdt_a.obj</name>
      </input_file>
      <input_file id="fl-1e">
         <path>.\ccs\</path>
         <kind>object</kind>
         <file>startup_msp432p401r_ccs.obj</file>
         <name>startup_msp432p401r_ccs.obj</name>
      </input_file>
      <input_file id="fl-28">
         <kind>object</kind>
         <file>&lt;internal&gt;</file>
         <name>&lt;internal&gt;</name>
      </input_file>
      <input_file id="fl-de">
         <path>C:\ti\ccs1120\ccs\tools\compiler\ti-cgt-arm_20.2.5.LTS\lib\</path>
         <kind>archive</kind>
         <file>rtsv7M4_T_le_v4SPD16_eabi.lib</file>
         <name>copy_zero_init.c.obj</name>
      </input_file>
      <input_file id="fl-df">
         <path>C:\ti\ccs1120\ccs\tools\compiler\ti-cgt-arm_20.2.5.LTS\lib\</path>
         <kind>archive</kind>
         <file>rtsv7M4_T_le_v4SPD16_eabi.lib</file>
         <name>copy_decompress_none.c.obj</name>
      </input_file>
      <input_file id="fl-e0">
         <path>C:\ti\ccs1120\ccs\tools\compiler\ti-cgt-arm_20.2.5.LTS\lib\</path>
         <kind>archive</kind>
         <file>rtsv7M4_T_le_v4SPD16_eabi.lib</file>
         <name>copy_decompress_lzss.c.obj</name>
      </input_file>
      <input_file id="fl-e1">
         <path>C:\ti\ccs1120\ccs\tools\compiler\ti-cgt-arm_20.2.5.LTS\lib\</path>
         <kind>archive</kind>
         <file>rtsv7M4_T_le_v4SPD16_eabi.lib</file>
         <name>boot_cortex_m.c.obj</name>
      </input_file>
      <input_file id="fl-e2">
         <path>C:\ti\ccs1120\ccs\tools\compiler\ti-cgt-arm_20.2.5.LTS\lib\</path>
         <kind>archive</kind>
         <file>rtsv7M4_T_le_v4SPD16_eabi.lib</file>
         <name>memcpy_t2.asm.obj</name>
      </input_file>
      <input_file id="fl-e3">
         <path>C:\ti\ccs1120\ccs\tools\compiler\ti-cgt-arm_20.2.5.LTS\lib\</path>
         <kind>archive</kind>
         <file>rtsv7M4_T_le_v4SPD16_eabi.lib</file>
         <name>memset_t2.asm.obj</name>
      </input_file>
      <input_file id="fl-e4">
         <path>C:\ti\ccs1120\ccs\tools\compiler\ti-cgt-arm_20.2.5.LTS\lib\</path>
         <kind>archive</kind>
         <file>rtsv7M4_T_le_v4SPD16_eabi.lib</file>
         <name>autoinit.c.obj</name>
      </input_file>
      <input_file id="fl-e5">
         <path>C:\ti\ccs1120\ccs\tools\compiler\ti-cgt-arm_20.2.5.LTS\lib\</path>
         <kind>archive</kind>
         <file>rtsv7M4_T_le_v4SPD16_eabi.lib</file>
         <name>pre_init.c.obj</name>
      </input_file>
      <input_file id="fl-e6">
         <path>C:\ti\ccs1120\ccs\tools\compiler\ti-cgt-arm_20.2.5.LTS\lib\</path>
         <kind>archive</kind>
         <file>rtsv7M4_T_le_v4SPD16_eabi.lib</file>
         <name>cpy_tbl.c.obj</name>
      </input_file>
      <input_file id="fl-e7">
         <path>C:\ti\ccs1120\ccs\tools\compiler\ti-cgt-arm_20.2.5.LTS\lib\</path>
         <kind>archive</kind>
         <file>rtsv7M4_T_le_v4SPD16_eabi.lib</file>
         <name>exit.c.obj</name>
      </input_file>
      <input_file id="fl-e8">
         <path>C:\ti\ccs1120\ccs\tools\compiler\ti-cgt-arm_20.2.5.LTS\lib\</path>
         <kind>archive</kind>
         <file>rtsv7M4_T_le_v4SPD16_eabi.lib</file>
         <name>_lock.c.obj</name>
      </input_file>
      <input_file id="fl-e9">
         <path>C:\ti\ccs1120\ccs\tools\compiler\ti-cgt-arm_20.2.5.LTS\lib\</path>
         <kind>archive</kind>
         <file>rtsv7M4_T_le_v4SPD16_eabi.lib</file>
         <name>args_main.c.obj</name>
      </input_file>
   </input_file_list>
   <object_component_list>
      <object_component id="oc-26">
         <name>.intvecs:retain</name>
         <load_address>0x0</load_address>
         <run_address>0x0</run_address>
         <size>0xe4</size>
         <input_file_ref idref="fl-1e"/>
      </object_component>
      <object_component id="oc-ab">
         <name>.text:SystemInit</name>
         <load_address>0xe4</load_address>
         <run_address>0xe4</run_address>
         <size>0x78</size>
         <input_file_ref idref="fl-18"/>
      </object_component>
      <object_component id="oc-4f">
         <name>.text:_c_int00_noinit_noargs:_c_int00_noinit_noargs</name>
         <load_address>0x15c</load_address>
         <run_address>0x15c</run_address>
         <size>0x2c</size>
         <input_file_ref idref="fl-e1"/>
      </object_component>
      <object_component id="oc-99">
         <name>.text:main</name>
         <load_address>0x188</load_address>
         <run_address>0x188</run_address>
         <size>0x10</size>
         <input_file_ref idref="fl-e"/>
      </object_component>
      <object_component id="oc-67">
         <name>.text:Reset_Handler</name>
         <load_address>0x198</load_address>
         <run_address>0x198</run_address>
         <size>0xc</size>
         <input_file_ref idref="fl-1e"/>
      </object_component>
      <object_component id="oc-93">
         <name>.text:_system_pre_init</name>
         <load_address>0x1a4</load_address>
         <run_address>0x1a4</run_address>
         <size>0x4</size>
         <input_file_ref idref="fl-e5"/>
      </object_component>
      <object_component id="oc-cb">
         <name>.text:abort:abort</name>
         <load_address>0x1a8</load_address>
         <run_address>0x1a8</run_address>
         <size>0x4</size>
         <input_file_ref idref="fl-e7"/>
      </object_component>
      <object_component id="oc-6d">
         <name>.text:Default_Handler</name>
         <load_address>0x1ac</load_address>
         <run_address>0x1ac</run_address>
         <size>0x2</size>
         <input_file_ref idref="fl-1e"/>
      </object_component>
      <object_component id="oc-179">
         <name>.binit</name>
         <load_address>0x0</load_address>
         <run_address>0x0</run_address>
         <size>0x0</size>
      </object_component>
      <object_component id="oc-29">
         <name>.stack</name>
         <uninitialized>true</uninitialized>
         <run_address>0x2000fe00</run_address>
         <size>0x4</size>
         <input_file_ref idref="fl-e1"/>
      </object_component>
      <object_component id="oc-1a7">
         <name>.stack</name>
         <uninitialized>true</uninitialized>
         <run_address>0x2000fe00</run_address>
         <size>0x0</size>
      </object_component>
      <object_component id="oc-114">
         <name>.debug_info</name>
         <load_address>0x0</load_address>
         <run_address>0x0</run_address>
         <size>0x67e</size>
         <input_file_ref idref="fl-2"/>
      </object_component>
      <object_component id="oc-137">
         <name>.debug_info</name>
         <load_address>0x67e</load_address>
         <run_address>0x67e</run_address>
         <size>0x37e2</size>
         <input_file_ref idref="fl-2"/>
      </object_component>
      <object_component id="oc-b5">
         <name>.debug_info</name>
         <load_address>0x3e60</load_address>
         <run_address>0x3e60</run_address>
         <size>0x26b</size>
         <input_file_ref idref="fl-2"/>
      </object_component>
      <object_component id="oc-13c">
         <name>.debug_info</name>
         <load_address>0x40cb</load_address>
         <run_address>0x40cb</run_address>
         <size>0x1028</size>
         <input_file_ref idref="fl-2"/>
      </object_component>
      <object_component id="oc-10f">
         <name>.debug_info</name>
         <load_address>0x50f3</load_address>
         <run_address>0x50f3</run_address>
         <size>0x8b</size>
         <input_file_ref idref="fl-2"/>
      </object_component>
      <object_component id="oc-10a">
         <name>.debug_info</name>
         <load_address>0x517e</load_address>
         <run_address>0x517e</run_address>
         <size>0x2a4</size>
         <input_file_ref idref="fl-2"/>
      </object_component>
      <object_component id="oc-141">
         <name>.debug_info</name>
         <load_address>0x5422</load_address>
         <run_address>0x5422</run_address>
         <size>0xbb</size>
         <input_file_ref idref="fl-2"/>
      </object_component>
      <object_component id="oc-32">
         <name>.debug_info</name>
         <load_address>0x54dd</load_address>
         <run_address>0x54dd</run_address>
         <size>0x84</size>
         <input_file_ref idref="fl-5"/>
      </object_component>
      <object_component id="oc-9b">
         <name>.debug_info</name>
         <load_address>0x5561</load_address>
         <run_address>0x5561</run_address>
         <size>0xfb</size>
         <input_file_ref idref="fl-e"/>
      </object_component>
      <object_component id="oc-af">
         <name>.debug_info</name>
         <load_address>0x565c</load_address>
         <run_address>0x565c</run_address>
         <size>0x12f</size>
         <input_file_ref idref="fl-18"/>
      </object_component>
      <object_component id="oc-75">
         <name>.debug_info</name>
         <load_address>0x578b</load_address>
         <run_address>0x578b</run_address>
         <size>0x2cf</size>
         <input_file_ref idref="fl-1e"/>
      </object_component>
      <object_component id="oc-27">
         <name>.debug_info</name>
         <load_address>0x5a5a</load_address>
         <run_address>0x5a5a</run_address>
         <size>0xfb</size>
         <input_file_ref idref="fl-1e"/>
      </object_component>
      <object_component id="oc-68">
         <name>.debug_info</name>
         <load_address>0x5b55</load_address>
         <run_address>0x5b55</run_address>
         <size>0x15e</size>
         <input_file_ref idref="fl-1e"/>
      </object_component>
      <object_component id="oc-6f">
         <name>.debug_info</name>
         <load_address>0x5cb3</load_address>
         <run_address>0x5cb3</run_address>
         <size>0x146</size>
         <input_file_ref idref="fl-1e"/>
      </object_component>
      <object_component id="oc-2a">
         <name>.debug_info</name>
         <load_address>0x5df9</load_address>
         <run_address>0x5df9</run_address>
         <size>0x10b</size>
         <input_file_ref idref="fl-e1"/>
      </object_component>
      <object_component id="oc-51">
         <name>.debug_info</name>
         <load_address>0x5f04</load_address>
         <run_address>0x5f04</run_address>
         <size>0x1a2</size>
         <input_file_ref idref="fl-e1"/>
      </object_component>
      <object_component id="oc-95">
         <name>.debug_info</name>
         <load_address>0x60a6</load_address>
         <run_address>0x60a6</run_address>
         <size>0x153</size>
         <input_file_ref idref="fl-e5"/>
      </object_component>
      <object_component id="oc-cc">
         <name>.debug_info</name>
         <load_address>0x61f9</load_address>
         <run_address>0x61f9</run_address>
         <size>0x122</size>
         <input_file_ref idref="fl-e7"/>
      </object_component>
      <object_component id="oc-1a8">
         <name>.debug_info</name>
         <load_address>0x631b</load_address>
         <run_address>0x631b</run_address>
         <size>0xa3</size>
      </object_component>
      <object_component id="oc-136">
         <name>.debug_line</name>
         <load_address>0x0</load_address>
         <run_address>0x0</run_address>
         <size>0x7f</size>
         <input_file_ref idref="fl-2"/>
      </object_component>
      <object_component id="oc-13a">
         <name>.debug_line</name>
         <load_address>0x7f</load_address>
         <run_address>0x7f</run_address>
         <size>0x7b</size>
         <input_file_ref idref="fl-2"/>
      </object_component>
      <object_component id="oc-b8">
         <name>.debug_line</name>
         <load_address>0xfa</load_address>
         <run_address>0xfa</run_address>
         <size>0x6f</size>
         <input_file_ref idref="fl-2"/>
      </object_component>
      <object_component id="oc-13f">
         <name>.debug_line</name>
         <load_address>0x169</load_address>
         <run_address>0x169</run_address>
         <size>0x78</size>
         <input_file_ref idref="fl-2"/>
      </object_component>
      <object_component id="oc-112">
         <name>.debug_line</name>
         <load_address>0x1e1</load_address>
         <run_address>0x1e1</run_address>
         <size>0x20</size>
         <input_file_ref idref="fl-2"/>
      </object_component>
      <object_component id="oc-10d">
         <name>.debug_line</name>
         <load_address>0x201</load_address>
         <run_address>0x201</run_address>
         <size>0x73</size>
         <input_file_ref idref="fl-2"/>
      </object_component>
      <object_component id="oc-144">
         <name>.debug_line</name>
         <load_address>0x274</load_address>
         <run_address>0x274</run_address>
         <size>0x70</size>
         <input_file_ref idref="fl-2"/>
      </object_component>
      <object_component id="oc-35">
         <name>.debug_line</name>
         <load_address>0x2e4</load_address>
         <run_address>0x2e4</run_address>
         <size>0x20</size>
         <input_file_ref idref="fl-5"/>
      </object_component>
      <object_component id="oc-9a">
         <name>.debug_line</name>
         <load_address>0x304</load_address>
         <run_address>0x304</run_address>
         <size>0x44</size>
         <input_file_ref idref="fl-e"/>
      </object_component>
      <object_component id="oc-ae">
         <name>.debug_line</name>
         <load_address>0x348</load_address>
         <run_address>0x348</run_address>
         <size>0x66</size>
         <input_file_ref idref="fl-18"/>
      </object_component>
      <object_component id="oc-b4">
         <name>.debug_line</name>
         <load_address>0x3ae</load_address>
         <run_address>0x3ae</run_address>
         <size>0x44</size>
         <input_file_ref idref="fl-1e"/>
      </object_component>
      <object_component id="oc-74">
         <name>.debug_line</name>
         <load_address>0x3f2</load_address>
         <run_address>0x3f2</run_address>
         <size>0x44</size>
         <input_file_ref idref="fl-1e"/>
      </object_component>
      <object_component id="oc-6b">
         <name>.debug_line</name>
         <load_address>0x436</load_address>
         <run_address>0x436</run_address>
         <size>0x5d</size>
         <input_file_ref idref="fl-1e"/>
      </object_component>
      <object_component id="oc-72">
         <name>.debug_line</name>
         <load_address>0x493</load_address>
         <run_address>0x493</run_address>
         <size>0x59</size>
         <input_file_ref idref="fl-1e"/>
      </object_component>
      <object_component id="oc-77">
         <name>.debug_line</name>
         <load_address>0x4ec</load_address>
         <run_address>0x4ec</run_address>
         <size>0x33</size>
         <input_file_ref idref="fl-e1"/>
      </object_component>
      <object_component id="oc-50">
         <name>.debug_line</name>
         <load_address>0x51f</load_address>
         <run_address>0x51f</run_address>
         <size>0x48</size>
         <input_file_ref idref="fl-e1"/>
      </object_component>
      <object_component id="oc-97">
         <name>.debug_line</name>
         <load_address>0x567</load_address>
         <run_address>0x567</run_address>
         <size>0x40</size>
         <input_file_ref idref="fl-e5"/>
      </object_component>
      <object_component id="oc-cf">
         <name>.debug_line</name>
         <load_address>0x5a7</load_address>
         <run_address>0x5a7</run_address>
         <size>0x3c</size>
         <input_file_ref idref="fl-e7"/>
      </object_component>
      <object_component id="oc-135">
         <name>.debug_abbrev</name>
         <load_address>0x0</load_address>
         <run_address>0x0</run_address>
         <size>0xc2</size>
         <input_file_ref idref="fl-2"/>
      </object_component>
      <object_component id="oc-139">
         <name>.debug_abbrev</name>
         <load_address>0xc2</load_address>
         <run_address>0xc2</run_address>
         <size>0xbd</size>
         <input_file_ref idref="fl-2"/>
      </object_component>
      <object_component id="oc-b7">
         <name>.debug_abbrev</name>
         <load_address>0x17f</load_address>
         <run_address>0x17f</run_address>
         <size>0x69</size>
         <input_file_ref idref="fl-2"/>
      </object_component>
      <object_component id="oc-13e">
         <name>.debug_abbrev</name>
         <load_address>0x1e8</load_address>
         <run_address>0x1e8</run_address>
         <size>0x97</size>
         <input_file_ref idref="fl-2"/>
      </object_component>
      <object_component id="oc-111">
         <name>.debug_abbrev</name>
         <load_address>0x27f</load_address>
         <run_address>0x27f</run_address>
         <size>0x1f</size>
         <input_file_ref idref="fl-2"/>
      </object_component>
      <object_component id="oc-10c">
         <name>.debug_abbrev</name>
         <load_address>0x29e</load_address>
         <run_address>0x29e</run_address>
         <size>0x5c</size>
         <input_file_ref idref="fl-2"/>
      </object_component>
      <object_component id="oc-143">
         <name>.debug_abbrev</name>
         <load_address>0x2fa</load_address>
         <run_address>0x2fa</run_address>
         <size>0x24</size>
         <input_file_ref idref="fl-2"/>
      </object_component>
      <object_component id="oc-34">
         <name>.debug_abbrev</name>
         <load_address>0x31e</load_address>
         <run_address>0x31e</run_address>
         <size>0x1f</size>
         <input_file_ref idref="fl-5"/>
      </object_component>
      <object_component id="oc-ca">
         <name>.debug_abbrev</name>
         <load_address>0x33d</load_address>
         <run_address>0x33d</run_address>
         <size>0x55</size>
         <input_file_ref idref="fl-e"/>
      </object_component>
      <object_component id="oc-109">
         <name>.debug_abbrev</name>
         <load_address>0x392</load_address>
         <run_address>0x392</run_address>
         <size>0x50</size>
         <input_file_ref idref="fl-18"/>
      </object_component>
      <object_component id="oc-b3">
         <name>.debug_abbrev</name>
         <load_address>0x3e2</load_address>
         <run_address>0x3e2</run_address>
         <size>0x7c</size>
         <input_file_ref idref="fl-1e"/>
      </object_component>
      <object_component id="oc-73">
         <name>.debug_abbrev</name>
         <load_address>0x45e</load_address>
         <run_address>0x45e</run_address>
         <size>0x29</size>
         <input_file_ref idref="fl-1e"/>
      </object_component>
      <object_component id="oc-b1">
         <name>.debug_abbrev</name>
         <load_address>0x487</load_address>
         <run_address>0x487</run_address>
         <size>0x5e</size>
         <input_file_ref idref="fl-1e"/>
      </object_component>
      <object_component id="oc-b2">
         <name>.debug_abbrev</name>
         <load_address>0x4e5</load_address>
         <run_address>0x4e5</run_address>
         <size>0x42</size>
         <input_file_ref idref="fl-1e"/>
      </object_component>
      <object_component id="oc-76">
         <name>.debug_abbrev</name>
         <load_address>0x527</load_address>
         <run_address>0x527</run_address>
         <size>0x29</size>
         <input_file_ref idref="fl-e1"/>
      </object_component>
      <object_component id="oc-a0">
         <name>.debug_abbrev</name>
         <load_address>0x550</load_address>
         <run_address>0x550</run_address>
         <size>0x55</size>
         <input_file_ref idref="fl-e1"/>
      </object_component>
      <object_component id="oc-c9">
         <name>.debug_abbrev</name>
         <load_address>0x5a5</load_address>
         <run_address>0x5a5</run_address>
         <size>0x55</size>
         <input_file_ref idref="fl-e5"/>
      </object_component>
      <object_component id="oc-115">
         <name>.debug_abbrev</name>
         <load_address>0x5fa</load_address>
         <run_address>0x5fa</run_address>
         <size>0x45</size>
         <input_file_ref idref="fl-e7"/>
      </object_component>
      <object_component id="oc-1a9">
         <name>.debug_abbrev</name>
         <load_address>0x63f</load_address>
         <run_address>0x63f</run_address>
         <size>0xf</size>
      </object_component>
      <object_component id="oc-13b">
         <name>.debug_str</name>
         <load_address>0x0</load_address>
         <run_address>0x0</run_address>
         <size>0x15f0</size>
         <input_file_ref idref="fl-2"/>
      </object_component>
      <object_component id="oc-b9">
         <name>.debug_str</name>
         <load_address>0x15f0</load_address>
         <run_address>0x15f0</run_address>
         <size>0x2b4</size>
         <input_file_ref idref="fl-2"/>
      </object_component>
      <object_component id="oc-140">
         <name>.debug_str</name>
         <load_address>0x18a4</load_address>
         <run_address>0x18a4</run_address>
         <size>0x496</size>
         <input_file_ref idref="fl-2"/>
      </object_component>
      <object_component id="oc-113">
         <name>.debug_str</name>
         <load_address>0x1d3a</load_address>
         <run_address>0x1d3a</run_address>
         <size>0xfd</size>
         <input_file_ref idref="fl-2"/>
      </object_component>
      <object_component id="oc-10e">
         <name>.debug_str</name>
         <load_address>0x1e37</load_address>
         <run_address>0x1e37</run_address>
         <size>0x34a</size>
         <input_file_ref idref="fl-2"/>
      </object_component>
      <object_component id="oc-145">
         <name>.debug_str</name>
         <load_address>0x2181</load_address>
         <run_address>0x2181</run_address>
         <size>0x14c</size>
         <input_file_ref idref="fl-2"/>
      </object_component>
      <object_component id="oc-36">
         <name>.debug_str</name>
         <load_address>0x22cd</load_address>
         <run_address>0x22cd</run_address>
         <size>0xfd</size>
         <input_file_ref idref="fl-5"/>
      </object_component>
      <object_component id="oc-138">
         <name>.debug_pubtypes</name>
         <load_address>0x0</load_address>
         <run_address>0x0</run_address>
         <size>0x2ce</size>
         <input_file_ref idref="fl-2"/>
      </object_component>
      <object_component id="oc-b6">
         <name>.debug_pubtypes</name>
         <load_address>0x2ce</load_address>
         <run_address>0x2ce</run_address>
         <size>0x25c</size>
         <input_file_ref idref="fl-2"/>
      </object_component>
      <object_component id="oc-13d">
         <name>.debug_pubtypes</name>
         <load_address>0x52a</load_address>
         <run_address>0x52a</run_address>
         <size>0xdd</size>
         <input_file_ref idref="fl-2"/>
      </object_component>
      <object_component id="oc-110">
         <name>.debug_pubtypes</name>
         <load_address>0x607</load_address>
         <run_address>0x607</run_address>
         <size>0xff</size>
         <input_file_ref idref="fl-2"/>
      </object_component>
      <object_component id="oc-10b">
         <name>.debug_pubtypes</name>
         <load_address>0x706</load_address>
         <run_address>0x706</run_address>
         <size>0x330</size>
         <input_file_ref idref="fl-2"/>
      </object_component>
      <object_component id="oc-142">
         <name>.debug_pubtypes</name>
         <load_address>0xa36</load_address>
         <run_address>0xa36</run_address>
         <size>0xaa</size>
         <input_file_ref idref="fl-2"/>
      </object_component>
      <object_component id="oc-33">
         <name>.debug_pubtypes</name>
         <load_address>0xae0</load_address>
         <run_address>0xae0</run_address>
         <size>0xed</size>
         <input_file_ref idref="fl-5"/>
      </object_component>
      <object_component id="oc-9e">
         <name>.debug_frame</name>
         <load_address>0x0</load_address>
         <run_address>0x0</run_address>
         <size>0x58</size>
         <input_file_ref idref="fl-e"/>
      </object_component>
      <object_component id="oc-ad">
         <name>.debug_frame</name>
         <load_address>0x58</load_address>
         <run_address>0x58</run_address>
         <size>0x54</size>
         <input_file_ref idref="fl-18"/>
      </object_component>
      <object_component id="oc-6c">
         <name>.debug_frame</name>
         <load_address>0xac</load_address>
         <run_address>0xac</run_address>
         <size>0x58</size>
         <input_file_ref idref="fl-1e"/>
      </object_component>
      <object_component id="oc-6e">
         <name>.debug_frame</name>
         <load_address>0x104</load_address>
         <run_address>0x104</run_address>
         <size>0x54</size>
         <input_file_ref idref="fl-1e"/>
      </object_component>
      <object_component id="oc-54">
         <name>.debug_frame</name>
         <load_address>0x158</load_address>
         <run_address>0x158</run_address>
         <size>0x50</size>
         <input_file_ref idref="fl-e1"/>
      </object_component>
      <object_component id="oc-98">
         <name>.debug_frame</name>
         <load_address>0x1a8</load_address>
         <run_address>0x1a8</run_address>
         <size>0x54</size>
         <input_file_ref idref="fl-e5"/>
      </object_component>
      <object_component id="oc-d0">
         <name>.debug_frame</name>
         <load_address>0x1fc</load_address>
         <run_address>0x1fc</run_address>
         <size>0x54</size>
         <input_file_ref idref="fl-e7"/>
      </object_component>
      <object_component id="oc-9c">
         <name>.debug_aranges</name>
         <load_address>0x0</load_address>
         <run_address>0x0</run_address>
         <size>0x20</size>
         <input_file_ref idref="fl-e"/>
      </object_component>
      <object_component id="oc-ac">
         <name>.debug_aranges</name>
         <load_address>0x20</load_address>
         <run_address>0x20</run_address>
         <size>0x20</size>
         <input_file_ref idref="fl-18"/>
      </object_component>
      <object_component id="oc-69">
         <name>.debug_aranges</name>
         <load_address>0x40</load_address>
         <run_address>0x40</run_address>
         <size>0x20</size>
         <input_file_ref idref="fl-1e"/>
      </object_component>
      <object_component id="oc-70">
         <name>.debug_aranges</name>
         <load_address>0x60</load_address>
         <run_address>0x60</run_address>
         <size>0x20</size>
         <input_file_ref idref="fl-1e"/>
      </object_component>
      <object_component id="oc-52">
         <name>.debug_aranges</name>
         <load_address>0x80</load_address>
         <run_address>0x80</run_address>
         <size>0x20</size>
         <input_file_ref idref="fl-e1"/>
      </object_component>
      <object_component id="oc-94">
         <name>.debug_aranges</name>
         <load_address>0xa0</load_address>
         <run_address>0xa0</run_address>
         <size>0x20</size>
         <input_file_ref idref="fl-e5"/>
      </object_component>
      <object_component id="oc-ce">
         <name>.debug_aranges</name>
         <load_address>0xc0</load_address>
         <run_address>0xc0</run_address>
         <size>0x20</size>
         <input_file_ref idref="fl-e7"/>
      </object_component>
      <object_component id="oc-9d">
         <name>.debug_pubnames</name>
         <load_address>0x0</load_address>
         <run_address>0x0</run_address>
         <size>0x1b</size>
         <input_file_ref idref="fl-e"/>
      </object_component>
      <object_component id="oc-b0">
         <name>.debug_pubnames</name>
         <load_address>0x1b</load_address>
         <run_address>0x1b</run_address>
         <size>0x21</size>
         <input_file_ref idref="fl-18"/>
      </object_component>
      <object_component id="oc-28">
         <name>.debug_pubnames</name>
         <load_address>0x3c</load_address>
         <run_address>0x3c</run_address>
         <size>0x27</size>
         <input_file_ref idref="fl-1e"/>
      </object_component>
      <object_component id="oc-6a">
         <name>.debug_pubnames</name>
         <load_address>0x63</load_address>
         <run_address>0x63</run_address>
         <size>0x24</size>
         <input_file_ref idref="fl-1e"/>
      </object_component>
      <object_component id="oc-71">
         <name>.debug_pubnames</name>
         <load_address>0x87</load_address>
         <run_address>0x87</run_address>
         <size>0x26</size>
         <input_file_ref idref="fl-1e"/>
      </object_component>
      <object_component id="oc-2b">
         <name>.debug_pubnames</name>
         <load_address>0xad</load_address>
         <run_address>0xad</run_address>
         <size>0x1e</size>
         <input_file_ref idref="fl-e1"/>
      </object_component>
      <object_component id="oc-53">
         <name>.debug_pubnames</name>
         <load_address>0xcb</load_address>
         <run_address>0xcb</run_address>
         <size>0x2d</size>
         <input_file_ref idref="fl-e1"/>
      </object_component>
      <object_component id="oc-96">
         <name>.debug_pubnames</name>
         <load_address>0xf8</load_address>
         <run_address>0xf8</run_address>
         <size>0x27</size>
         <input_file_ref idref="fl-e5"/>
      </object_component>
      <object_component id="oc-cd">
         <name>.debug_pubnames</name>
         <load_address>0x11f</load_address>
         <run_address>0x11f</run_address>
         <size>0x1c</size>
         <input_file_ref idref="fl-e7"/>
      </object_component>
   </object_component_list>
   <logical_group_list>
      <logical_group id="lg-3" display="no" color="cyan">
         <name>.intvecs</name>
         <load_address>0x0</load_address>
         <run_address>0x0</run_address>
         <size>0xe4</size>
         <contents>
            <object_component_ref idref="oc-26"/>
         </contents>
      </logical_group>
      <logical_group id="lg-4" display="no" color="cyan">
         <name>.text</name>
         <load_address>0xe4</load_address>
         <run_address>0xe4</run_address>
         <size>0xca</size>
         <contents>
            <object_component_ref idref="oc-ab"/>
            <object_component_ref idref="oc-4f"/>
            <object_component_ref idref="oc-99"/>
            <object_component_ref idref="oc-67"/>
            <object_component_ref idref="oc-93"/>
            <object_component_ref idref="oc-cb"/>
            <object_component_ref idref="oc-6d"/>
         </contents>
      </logical_group>
      <logical_group id="lg-5" display="no" color="cyan">
         <name>.const</name>
         <run_address>0x0</run_address>
         <size>0x0</size>
         <contents>
         </contents>
      </logical_group>
      <logical_group id="lg-6" display="no" color="cyan">
         <name>.cinit</name>
         <run_address>0x0</run_address>
         <size>0x0</size>
         <contents>
         </contents>
      </logical_group>
      <logical_group id="lg-7" display="no" color="cyan">
         <name>.pinit</name>
         <run_address>0x0</run_address>
         <size>0x0</size>
         <contents>
         </contents>
      </logical_group>
      <logical_group id="lg-8" display="no" color="cyan">
         <name>.init_array</name>
         <run_address>0x0</run_address>
         <size>0x0</size>
         <contents>
         </contents>
      </logical_group>
      <logical_group id="lg-9" display="no" color="cyan">
         <name>.binit</name>
         <load_address>0x0</load_address>
         <run_address>0x0</run_address>
         <size>0x0</size>
         <contents>
            <object_component_ref idref="oc-179"/>
         </contents>
      </logical_group>
      <logical_group id="lg-a" display="no" color="cyan">
         <name>.flashMailbox</name>
         <run_address>0x0</run_address>
         <size>0x0</size>
         <contents>
         </contents>
      </logical_group>
      <logical_group id="lg-b" display="no" color="cyan">
         <name>.tlvTable</name>
         <run_address>0x0</run_address>
         <size>0x0</size>
         <contents>
         </contents>
      </logical_group>
      <logical_group id="lg-c" display="no" color="cyan">
         <name>.bslArea</name>
         <run_address>0x0</run_address>
         <size>0x0</size>
         <contents>
         </contents>
      </logical_group>
      <logical_group id="lg-d" display="no" color="cyan">
         <name>.vtable</name>
         <run_address>0x0</run_address>
         <size>0x0</size>
         <contents>
         </contents>
      </logical_group>
      <logical_group id="lg-e" display="no" color="cyan">
         <name>.data</name>
         <run_address>0x0</run_address>
         <size>0x0</size>
         <contents>
         </contents>
      </logical_group>
      <logical_group id="lg-f" display="no" color="cyan">
         <name>.bss</name>
         <run_address>0x0</run_address>
         <size>0x0</size>
         <contents>
         </contents>
      </logical_group>
      <logical_group id="lg-10" display="no" color="cyan">
         <name>.sysmem</name>
         <run_address>0x0</run_address>
         <size>0x0</size>
         <contents>
         </contents>
      </logical_group>
      <logical_group id="lg-11" display="no" color="cyan">
         <name>.stack</name>
         <run_address>0x2000fe00</run_address>
         <size>0x200</size>
         <contents>
            <object_component_ref idref="oc-29"/>
            <object_component_ref idref="oc-1a7"/>
         </contents>
      </logical_group>
      <logical_group id="lg-12" display="no" color="cyan">
         <name>.TI.ramfunc</name>
         <run_address>0x0</run_address>
         <size>0x0</size>
         <contents>
         </contents>
      </logical_group>
      <logical_group id="lg-176" display="no" color="cyan">
         <name>.TI.noinit</name>
         <run_address>0x0</run_address>
         <size>0x0</size>
         <contents>
         </contents>
      </logical_group>
      <logical_group id="lg-177" display="no" color="cyan">
         <name>.TI.persistent</name>
         <run_address>0x0</run_address>
         <size>0x0</size>
         <contents>
         </contents>
      </logical_group>
      <logical_group id="lg-178" display="no" color="cyan">
         <name>__llvm_prf_cnts</name>
         <run_address>0x20000000</run_address>
         <size>0x0</size>
         <contents>
         </contents>
      </logical_group>
      <logical_group id="lg-18d" display="never" color="cyan">
         <name>.debug_info</name>
         <load_address>0x0</load_address>
         <run_address>0x0</run_address>
         <size>0x63be</size>
         <contents>
            <object_component_ref idref="oc-114"/>
            <object_component_ref idref="oc-137"/>
            <object_component_ref idref="oc-b5"/>
            <object_component_ref idref="oc-13c"/>
            <object_component_ref idref="oc-10f"/>
            <object_component_ref idref="oc-10a"/>
            <object_component_ref idref="oc-141"/>
            <object_component_ref idref="oc-32"/>
            <object_component_ref idref="oc-9b"/>
            <object_component_ref idref="oc-af"/>
            <object_component_ref idref="oc-75"/>
            <object_component_ref idref="oc-27"/>
            <object_component_ref idref="oc-68"/>
            <object_component_ref idref="oc-6f"/>
            <object_component_ref idref="oc-2a"/>
            <object_component_ref idref="oc-51"/>
            <object_component_ref idref="oc-95"/>
            <object_component_ref idref="oc-cc"/>
            <object_component_ref idref="oc-1a8"/>
         </contents>
      </logical_group>
      <logical_group id="lg-18f" display="never" color="cyan">
         <name>.debug_line</name>
         <load_address>0x0</load_address>
         <run_address>0x0</run_address>
         <size>0x5e3</size>
         <contents>
            <object_component_ref idref="oc-136"/>
            <object_component_ref idref="oc-13a"/>
            <object_component_ref idref="oc-b8"/>
            <object_component_ref idref="oc-13f"/>
            <object_component_ref idref="oc-112"/>
            <object_component_ref idref="oc-10d"/>
            <object_component_ref idref="oc-144"/>
            <object_component_ref idref="oc-35"/>
            <object_component_ref idref="oc-9a"/>
            <object_component_ref idref="oc-ae"/>
            <object_component_ref idref="oc-b4"/>
            <object_component_ref idref="oc-74"/>
            <object_component_ref idref="oc-6b"/>
            <object_component_ref idref="oc-72"/>
            <object_component_ref idref="oc-77"/>
            <object_component_ref idref="oc-50"/>
            <object_component_ref idref="oc-97"/>
            <object_component_ref idref="oc-cf"/>
         </contents>
      </logical_group>
      <logical_group id="lg-191" display="never" color="cyan">
         <name>.debug_abbrev</name>
         <load_address>0x0</load_address>
         <run_address>0x0</run_address>
         <size>0x64e</size>
         <contents>
            <object_component_ref idref="oc-135"/>
            <object_component_ref idref="oc-139"/>
            <object_component_ref idref="oc-b7"/>
            <object_component_ref idref="oc-13e"/>
            <object_component_ref idref="oc-111"/>
            <object_component_ref idref="oc-10c"/>
            <object_component_ref idref="oc-143"/>
            <object_component_ref idref="oc-34"/>
            <object_component_ref idref="oc-ca"/>
            <object_component_ref idref="oc-109"/>
            <object_component_ref idref="oc-b3"/>
            <object_component_ref idref="oc-73"/>
            <object_component_ref idref="oc-b1"/>
            <object_component_ref idref="oc-b2"/>
            <object_component_ref idref="oc-76"/>
            <object_component_ref idref="oc-a0"/>
            <object_component_ref idref="oc-c9"/>
            <object_component_ref idref="oc-115"/>
            <object_component_ref idref="oc-1a9"/>
         </contents>
      </logical_group>
      <logical_group id="lg-193" display="never" color="cyan">
         <name>.debug_str</name>
         <load_address>0x0</load_address>
         <run_address>0x0</run_address>
         <size>0x23ca</size>
         <contents>
            <object_component_ref idref="oc-13b"/>
            <object_component_ref idref="oc-b9"/>
            <object_component_ref idref="oc-140"/>
            <object_component_ref idref="oc-113"/>
            <object_component_ref idref="oc-10e"/>
            <object_component_ref idref="oc-145"/>
            <object_component_ref idref="oc-36"/>
         </contents>
      </logical_group>
      <logical_group id="lg-195" display="never" color="cyan">
         <name>.debug_pubtypes</name>
         <load_address>0x0</load_address>
         <run_address>0x0</run_address>
         <size>0xbcd</size>
         <contents>
            <object_component_ref idref="oc-138"/>
            <object_component_ref idref="oc-b6"/>
            <object_component_ref idref="oc-13d"/>
            <object_component_ref idref="oc-110"/>
            <object_component_ref idref="oc-10b"/>
            <object_component_ref idref="oc-142"/>
            <object_component_ref idref="oc-33"/>
         </contents>
      </logical_group>
      <logical_group id="lg-197" display="never" color="cyan">
         <name>.debug_frame</name>
         <load_address>0x0</load_address>
         <run_address>0x0</run_address>
         <size>0x250</size>
         <contents>
            <object_component_ref idref="oc-9e"/>
            <object_component_ref idref="oc-ad"/>
            <object_component_ref idref="oc-6c"/>
            <object_component_ref idref="oc-6e"/>
            <object_component_ref idref="oc-54"/>
            <object_component_ref idref="oc-98"/>
            <object_component_ref idref="oc-d0"/>
         </contents>
      </logical_group>
      <logical_group id="lg-199" display="never" color="cyan">
         <name>.debug_aranges</name>
         <load_address>0x0</load_address>
         <run_address>0x0</run_address>
         <size>0xe0</size>
         <contents>
            <object_component_ref idref="oc-9c"/>
            <object_component_ref idref="oc-ac"/>
            <object_component_ref idref="oc-69"/>
            <object_component_ref idref="oc-70"/>
            <object_component_ref idref="oc-52"/>
            <object_component_ref idref="oc-94"/>
            <object_component_ref idref="oc-ce"/>
         </contents>
      </logical_group>
      <logical_group id="lg-19b" display="never" color="cyan">
         <name>.debug_pubnames</name>
         <load_address>0x0</load_address>
         <run_address>0x0</run_address>
         <size>0x13b</size>
         <contents>
            <object_component_ref idref="oc-9d"/>
            <object_component_ref idref="oc-b0"/>
            <object_component_ref idref="oc-28"/>
            <object_component_ref idref="oc-6a"/>
            <object_component_ref idref="oc-71"/>
            <object_component_ref idref="oc-2b"/>
            <object_component_ref idref="oc-53"/>
            <object_component_ref idref="oc-96"/>
            <object_component_ref idref="oc-cd"/>
         </contents>
      </logical_group>
      <logical_group id="lg-1a6" display="no" color="cyan">
         <name>Veneer$$CMSE</name>
         <run_address>0x0</run_address>
         <size>0x0</size>
         <contents>
         </contents>
      </logical_group>
      <load_segment id="lg-1aa" display="no" color="cyan">
         <name>SEGMENT_0</name>
         <load_address>0x0</load_address>
         <run_address>0x0</run_address>
         <size>0x1ae</size>
         <flags>0x5</flags>
         <contents>
            <logical_group_ref idref="lg-3"/>
            <logical_group_ref idref="lg-4"/>
         </contents>
      </load_segment>
      <load_segment id="lg-1ab" display="no" color="cyan">
         <name>SEGMENT_1</name>
         <run_address>0x2000fe00</run_address>
         <size>0x200</size>
         <flags>0x6</flags>
         <contents>
            <logical_group_ref idref="lg-11"/>
         </contents>
      </load_segment>
   </logical_group_list>
   <placement_map>
      <memory_area display="yes" color="green">
         <name>MAIN</name>
         <page_id>0x0</page_id>
         <origin>0x0</origin>
         <length>0x40000</length>
         <used_space>0x1ae</used_space>
         <unused_space>0x3fe52</unused_space>
         <attributes>RX</attributes>
         <usage_details>
            <allocated_space>
               <start_address>0x0</start_address>
               <size>0x0</size>
               <logical_group_ref idref="lg-9"/>
            </allocated_space>
            <allocated_space>
               <start_address>0x0</start_address>
               <size>0xe4</size>
               <logical_group_ref idref="lg-3"/>
            </allocated_space>
            <allocated_space>
               <start_address>0xe4</start_address>
               <size>0xca</size>
               <logical_group_ref idref="lg-4"/>
            </allocated_space>
            <available_space>
               <start_address>0x1ae</start_address>
               <size>0x3fe52</size>
            </available_space>
         </usage_details>
      </memory_area>
      <memory_area display="yes" color="green">
         <name>INFO</name>
         <page_id>0x0</page_id>
         <origin>0x200000</origin>
         <length>0x4000</length>
         <used_space>0x0</used_space>
         <unused_space>0x4000</unused_space>
         <attributes>RX</attributes>
         <usage_details>
         </usage_details>
      </memory_area>
      <memory_area display="yes" color="green">
         <name>SRAM_CODE</name>
         <page_id>0x0</page_id>
         <origin>0x1000000</origin>
         <length>0x10000</length>
         <used_space>0x200</used_space>
         <unused_space>0xfe00</unused_space>
         <attributes>RWX</attributes>
         <usage_details>
            <allocated_space>
               <start_address>0x1000000</start_address>
               <size>0x0</size>
               <logical_group_ref idref="lg-178"/>
            </allocated_space>
            <available_space>
               <start_address>0x1000000</start_address>
               <size>0xfe00</size>
            </available_space>
            <allocated_space>
               <start_address>0x100fe00</start_address>
               <size>0x200</size>
               <logical_group_ref idref="lg-11"/>
            </allocated_space>
         </usage_details>
      </memory_area>
      <memory_area display="yes" color="green">
         <name>SRAM_DATA</name>
         <page_id>0x0</page_id>
         <origin>0x20000000</origin>
         <length>0x10000</length>
         <used_space>0x200</used_space>
         <unused_space>0xfe00</unused_space>
         <attributes>RW</attributes>
         <usage_details>
            <allocated_space>
               <start_address>0x20000000</start_address>
               <size>0x0</size>
               <logical_group_ref idref="lg-178"/>
            </allocated_space>
            <available_space>
               <start_address>0x20000000</start_address>
               <size>0xfe00</size>
            </available_space>
            <allocated_space>
               <start_address>0x2000fe00</start_address>
               <size>0x200</size>
               <logical_group_ref idref="lg-11"/>
            </allocated_space>
         </usage_details>
      </memory_area>
   </placement_map>
   <symbol_table>
      <symbol id="sm-1">
         <name>WDTCTL_SYM</name>
         <value>0x4000480c</value>
      </symbol>
      <symbol id="sm-2">
         <name>__start___llvm_prf_cnts</name>
         <value>0x20000000</value>
      </symbol>
      <symbol id="sm-3">
         <name>__stop___llvm_prf_cnts</name>
         <value>0x20000000</value>
      </symbol>
      <symbol id="sm-4">
         <name>binit</name>
         <value>0xffffffff</value>
      </symbol>
      <symbol id="sm-5">
         <name>__binit__</name>
         <value>0xffffffff</value>
      </symbol>
      <symbol id="sm-6">
         <name>__STACK_SIZE</name>
         <value>0x200</value>
      </symbol>
      <symbol id="sm-7">
         <name>__STACK_END</name>
         <value>0x20010000</value>
      </symbol>
      <symbol id="sm-8">
         <name>__c_args__</name>
         <value>0xffffffff</value>
      </symbol>
      <symbol id="sm-9">
         <name>__TI_pprof_out_hndl</name>
         <value>0xffffffff</value>
      </symbol>
      <symbol id="sm-a">
         <name>__TI_prof_data_start</name>
         <value>0xffffffff</value>
      </symbol>
      <symbol id="sm-b">
         <name>__TI_prof_data_size</name>
         <value>0xffffffff</value>
      </symbol>
      <symbol id="sm-c">
         <name>__TI_static_base__</name>
         <value>0x0</value>
      </symbol>
      <symbol id="sm-67">
         <name>main</name>
         <value>0x189</value>
         <object_component_ref idref="oc-99"/>
      </symbol>
      <symbol id="sm-83">
         <name>SystemInit</name>
         <value>0xe5</value>
         <object_component_ref idref="oc-ab"/>
      </symbol>
      <symbol id="sm-a4">
         <name>Reset_Handler</name>
         <value>0x199</value>
         <object_component_ref idref="oc-67"/>
      </symbol>
      <symbol id="sm-a5">
         <name>Default_Handler</name>
         <value>0x1ad</value>
         <object_component_ref idref="oc-6d"/>
      </symbol>
      <symbol id="sm-a6">
         <name>interruptVectors</name>
         <value>0x0</value>
         <object_component_ref idref="oc-26"/>
      </symbol>
      <symbol id="sm-bc">
         <name>_c_int00_noinit_noargs</name>
         <value>0x15d</value>
         <object_component_ref idref="oc-4f"/>
      </symbol>
      <symbol id="sm-bd">
         <name>__stack</name>
         <value>0x2000fe00</value>
         <object_component_ref idref="oc-29"/>
      </symbol>
      <symbol id="sm-ca">
         <name>_system_pre_init</name>
         <value>0x1a5</value>
         <object_component_ref idref="oc-93"/>
      </symbol>
      <symbol id="sm-d6">
         <name>C$$EXIT</name>
         <value>0x1a9</value>
         <object_component_ref idref="oc-cb"/>
      </symbol>
      <symbol id="sm-d7">
         <name>abort</name>
         <value>0x1a9</value>
         <object_component_ref idref="oc-cb"/>
      </symbol>
      <symbol id="sm-da">
         <name>__mpu_init</name>
         <value>0x0</value>
      </symbol>
      <symbol id="sm-db">
         <name>NMI_Handler</name>
         <value>0x1ad</value>
      </symbol>
      <symbol id="sm-dc">
         <name>HardFault_Handler</name>
         <value>0x1ad</value>
      </symbol>
      <symbol id="sm-dd">
         <name>MemManage_Handler</name>
         <value>0x1ad</value>
      </symbol>
      <symbol id="sm-de">
         <name>BusFault_Handler</name>
         <value>0x1ad</value>
      </symbol>
      <symbol id="sm-df">
         <name>UsageFault_Handler</name>
         <value>0x1ad</value>
      </symbol>
      <symbol id="sm-e0">
         <name>SVC_Handler</name>
         <value>0x1ad</value>
      </symbol>
      <symbol id="sm-e1">
         <name>DebugMon_Handler</name>
         <value>0x1ad</value>
      </symbol>
      <symbol id="sm-e2">
         <name>PendSV_Handler</name>
         <value>0x1ad</value>
      </symbol>
      <symbol id="sm-e3">
         <name>SysTick_Handler</name>
         <value>0x1ad</value>
      </symbol>
      <symbol id="sm-e4">
         <name>PSS_IRQHandler</name>
         <value>0x1ad</value>
      </symbol>
      <symbol id="sm-e5">
         <name>CS_IRQHandler</name>
         <value>0x1ad</value>
      </symbol>
      <symbol id="sm-e6">
         <name>PCM_IRQHandler</name>
         <value>0x1ad</value>
      </symbol>
      <symbol id="sm-e7">
         <name>WDT_A_IRQHandler</name>
         <value>0x1ad</value>
      </symbol>
      <symbol id="sm-e8">
         <name>FPU_IRQHandler</name>
         <value>0x1ad</value>
      </symbol>
      <symbol id="sm-e9">
         <name>FLCTL_IRQHandler</name>
         <value>0x1ad</value>
      </symbol>
      <symbol id="sm-ea">
         <name>COMP_E0_IRQHandler</name>
         <value>0x1ad</value>
      </symbol>
      <symbol id="sm-eb">
         <name>COMP_E1_IRQHandler</name>
         <value>0x1ad</value>
      </symbol>
      <symbol id="sm-ec">
         <name>TA0_0_IRQHandler</name>
         <value>0x1ad</value>
      </symbol>
      <symbol id="sm-ed">
         <name>TA0_N_IRQHandler</name>
         <value>0x1ad</value>
      </symbol>
      <symbol id="sm-ee">
         <name>TA1_0_IRQHandler</name>
         <value>0x1ad</value>
      </symbol>
      <symbol id="sm-ef">
         <name>TA1_N_IRQHandler</name>
         <value>0x1ad</value>
      </symbol>
      <symbol id="sm-f0">
         <name>TA2_0_IRQHandler</name>
         <value>0x1ad</value>
      </symbol>
      <symbol id="sm-f1">
         <name>TA2_N_IRQHandler</name>
         <value>0x1ad</value>
      </symbol>
      <symbol id="sm-f2">
         <name>TA3_0_IRQHandler</name>
         <value>0x1ad</value>
      </symbol>
      <symbol id="sm-f3">
         <name>TA3_N_IRQHandler</name>
         <value>0x1ad</value>
      </symbol>
      <symbol id="sm-f4">
         <name>EUSCIA0_IRQHandler</name>
         <value>0x1ad</value>
      </symbol>
      <symbol id="sm-f5">
         <name>EUSCIA1_IRQHandler</name>
         <value>0x1ad</value>
      </symbol>
      <symbol id="sm-f6">
         <name>EUSCIA2_IRQHandler</name>
         <value>0x1ad</value>
      </symbol>
      <symbol id="sm-f7">
         <name>EUSCIA3_IRQHandler</name>
         <value>0x1ad</value>
      </symbol>
      <symbol id="sm-f8">
         <name>EUSCIB0_IRQHandler</name>
         <value>0x1ad</value>
      </symbol>
      <symbol id="sm-f9">
         <name>EUSCIB1_IRQHandler</name>
         <value>0x1ad</value>
      </symbol>
      <symbol id="sm-fa">
         <name>EUSCIB2_IRQHandler</name>
         <value>0x1ad</value>
      </symbol>
      <symbol id="sm-fb">
         <name>EUSCIB3_IRQHandler</name>
         <value>0x1ad</value>
      </symbol>
      <symbol id="sm-fc">
         <name>ADC14_IRQHandler</name>
         <value>0x1ad</value>
      </symbol>
      <symbol id="sm-fd">
         <name>T32_INT1_IRQHandler</name>
         <value>0x1ad</value>
      </symbol>
      <symbol id="sm-fe">
         <name>T32_INT2_IRQHandler</name>
         <value>0x1ad</value>
      </symbol>
      <symbol id="sm-ff">
         <name>T32_INTC_IRQHandler</name>
         <value>0x1ad</value>
      </symbol>
      <symbol id="sm-100">
         <name>AES256_IRQHandler</name>
         <value>0x1ad</value>
      </symbol>
      <symbol id="sm-101">
         <name>RTC_C_IRQHandler</name>
         <value>0x1ad</value>
      </symbol>
      <symbol id="sm-102">
         <name>DMA_ERR_IRQHandler</name>
         <value>0x1ad</value>
      </symbol>
      <symbol id="sm-103">
         <name>DMA_INT3_IRQHandler</name>
         <value>0x1ad</value>
      </symbol>
      <symbol id="sm-104">
         <name>DMA_INT2_IRQHandler</name>
         <value>0x1ad</value>
      </symbol>
      <symbol id="sm-105">
         <name>DMA_INT1_IRQHandler</name>
         <value>0x1ad</value>
      </symbol>
      <symbol id="sm-106">
         <name>DMA_INT0_IRQHandler</name>
         <value>0x1ad</value>
      </symbol>
      <symbol id="sm-107">
         <name>PORT1_IRQHandler</name>
         <value>0x1ad</value>
      </symbol>
      <symbol id="sm-108">
         <name>PORT2_IRQHandler</name>
         <value>0x1ad</value>
      </symbol>
      <symbol id="sm-109">
         <name>PORT3_IRQHandler</name>
         <value>0x1ad</value>
      </symbol>
      <symbol id="sm-10a">
         <name>PORT4_IRQHandler</name>
         <value>0x1ad</value>
      </symbol>
      <symbol id="sm-10b">
         <name>PORT5_IRQHandler</name>
         <value>0x1ad</value>
      </symbol>
      <symbol id="sm-10c">
         <name>PORT6_IRQHandler</name>
         <value>0x1ad</value>
      </symbol>
   </symbol_table>
   <title>Link successful</title>
</link_info>
